id,file,key_or_location,locale,surfaces_and_states,original,final,coverage_status,slop_finding,pattern_and_reason,repair,no_slop_verdict,exception_reason,verification_evidence
"header-eyebrow:en","src/content/landing.json","header.eyebrow","en","header section","","","empty-unused","not assessed","","","not assessed","Structural placeholder; the corresponding component renders no content for this field.","Source audit; rendered locale and state checks."
"header-eyebrow:ar","src/content/landing.json","header.eyebrow","ar","header section","","","empty-unused","not assessed","","","not assessed","Structural placeholder; the corresponding component renders no content for this field.","Source audit; rendered locale and state checks."
"header-headline:en","src/content/landing.json","header.heading","en","header section","","","empty-unused","not assessed","","","not assessed","Structural placeholder; the corresponding component renders no content for this field.","Source audit; rendered locale and state checks."
"header-headline:ar","src/content/landing.json","header.heading","ar","header section","","","empty-unused","not assessed","","","not assessed","Structural placeholder; the corresponding component renders no content for this field.","Source audit; rendered locale and state checks."
"header-introduction:en","src/content/landing.json","header.body","en","header section","","","empty-unused","not assessed","","","not assessed","Structural placeholder; the corresponding component renders no content for this field.","Source audit; rendered locale and state checks."
"header-introduction:ar","src/content/landing.json","header.body","ar","header section","","","empty-unused","not assessed","","","not assessed","Structural placeholder; the corresponding component renders no content for this field.","Source audit; rendered locale and state checks."
"header-premise:en","src/content/landing.json","header.premise","en","header section","","","empty-unused","not assessed","","","not assessed","Structural placeholder; the corresponding component renders no content for this field.","Source audit; rendered locale and state checks."
"header-premise:ar","src/content/landing.json","header.premise","ar","header section","","","empty-unused","not assessed","","","not assessed","Structural placeholder; the corresponding component renders no content for this field.","Source audit; rendered locale and state checks."
"top-eyebrow:en","src/content/landing.json","top.eyebrow","en","top section","Jizrak — connected commerce in one system","Jizrak. Connected commerce in one system.","reviewed","found","Formatting slop: decorative em dash in short copy.","Use two direct sentences.","pass","","Source audit; rendered locale and state checks."
"top-eyebrow:ar","src/content/landing.json","top.eyebrow","ar","top section","جِذرك — تجارة مترابطة في نظام واحد","جِذرك. تجارة مترابطة في نظام واحد.","reviewed","found","Presentation: decorative dash in short copy.","Use two direct sentences.","pass","","Source audit; rendered locale and state checks."
"top-headline:en","src/content/landing.json","top.heading","en","top section","One commerce foundation for every Store you build.","One commerce foundation for every Store.","reviewed","found","Unnecessary second-person phrasing.","Name the scope directly.","pass","","Source audit; rendered locale and state checks."
"top-headline:ar","src/content/landing.json","top.heading","ar","top section","أساس تجاري واحد لكل متجر تنشئه.","أساس تجاري واحد لكل متجر.","reviewed","found","Literal second-person phrasing.","State the scope directly.","pass","","Source audit; rendered locale and state checks."
"top-body:en","src/content/landing.json","top.body","en","top section","Run your storefront, point of sale, products, inventory, purchasing, orders, customers, and finances in one system. Every Store keeps its own brand, team, and stock ledger.","Run your storefront, point of sale, products, inventory, purchasing, orders, customers, and finances in one system. Every Store keeps its own brand, team, and stock ledger.","reviewed","none found","","","pass","","Source audit; rendered locale and state checks."
"top-body:ar","src/content/landing.json","top.body","ar","top section","يجمع نظام واحد واجهة المتجر ونقطة البيع والمنتجات والمخزون والمشتريات والطلبات والعملاء والمالية. ويحتفظ كل متجر بعلامته وفريقه ودفتر مخزونه المستقل.","يجمع نظام واحد واجهة المتجر ونقطة البيع والمنتجات والمخزون والمشتريات والطلبات والعملاء والمالية. ويحتفظ كل متجر بعلامته وفريقه ودفتر مخزونه المستقل.","reviewed","none found","","","pass","","Source audit; rendered locale and state checks."
"top-premise:en","src/content/landing.json","top.premise","en","top section","Your idea stays yours. Jizrak connects the work behind it.","Your idea is yours. Jizrak connects the work that supports it.","reviewed","found","Vague metaphor: “work behind it.”","Use “work that supports it.”","pass","","Source audit; rendered locale and state checks."
"top-premise:ar","src/content/landing.json","top.premise","ar","top section","تبقى فكرتك ملكاً لك. وتربط جِذرك العمليات التي تدعمها.","فكرتك لك. ويربط جِذرك العمليات التي تدعمها.","reviewed","found","Translationese and an unnatural verb order.","Use a direct nominal opening and natural verb order.","pass","","Source audit; rendered locale and state checks."
"connected-eyebrow:en","src/content/landing.json","connected.eyebrow","en","connected section","One connected foundation","One connected foundation","reviewed","none found","","","pass","","Source audit; rendered locale and state checks."
"connected-eyebrow:ar","src/content/landing.json","connected.eyebrow","ar","connected section","أساس تشغيلي واحد","أساس تشغيلي واحد","reviewed","none found","","","pass","","Source audit; rendered locale and state checks."
"connected-heading:en","src/content/landing.json","connected.heading","en","connected section","Keep every Store connected as you grow.","Keep every Store connected as your Business grows.","reviewed","found","The subject is ambiguous.","Name the Business as the thing that grows.","pass","","Source audit; rendered locale and state checks."
"connected-heading:ar","src/content/landing.json","connected.heading","ar","connected section","ترابط تشغيلي يدعم نمو أعمالك.","أبقِ متاجرك مترابطة مع توسّع نشاطك التجاري.","reviewed","found","Abstract promise without an action or clear subject.","Address the reader and name the Business.","pass","","Source audit; rendered locale and state checks."
"connected-body:en","src/content/landing.json","connected.body","en","connected section","Catalog, orders, fulfilment, purchasing, suppliers, finance, and Store ledgers run on one Business foundation. Each Store stays separate.","Catalog, orders, fulfilment, purchasing, suppliers, finance, and Store ledgers share one Business foundation. Each Store stays separate.","reviewed","found","The list cannot literally “run.”","Describe the shared foundation.","pass","","Source audit; rendered locale and state checks."
"connected-body:ar","src/content/landing.json","connected.body","ar","connected section","تعمل الكتالوجات والطلبات والتجهيز والمشتريات والموردون والمالية ودفاتر المتاجر على أساس تجاري واحد، مع بقاء كل متجر مستقلاً.","يجمع أساس تجاري واحد الكتالوج والطلبات وتنفيذ الطلبات والمشتريات والموردين والمالية ودفاتر المتاجر، مع بقاء كل متجر مستقلاً.","reviewed","found","Translationese and inconsistent term for fulfilment.","Use a direct verb and “تنفيذ الطلبات.”","pass","","Source audit; rendered locale and state checks."
"connected-premise:en","src/content/landing.json","connected.premise","en","connected section","","","empty-unused","not assessed","","","not assessed","Structural placeholder; the corresponding component renders no content for this field.","Source audit; rendered locale and state checks."
"connected-premise:ar","src/content/landing.json","connected.premise","ar","connected section","","","empty-unused","not assessed","","","not assessed","Structural placeholder; the corresponding component renders no content for this field.","Source audit; rendered locale and state checks."
"connected-detail-1:en","src/content/landing.json","connected.details.connected-detail-1","en","connected detail disclosure or source inventory","Publish a product once its variants and stock links are ready.","Publish a product once its variants and stock links are ready.","reviewed","none found","","","pass","","Source audit; rendered locale and state checks."
"connected-detail-1:ar","src/content/landing.json","connected.details.connected-detail-1","ar","connected detail disclosure or source inventory","انشر المنتج بعد تجهيز خياراته وربطه بالمخزون.","انشر المنتج بعد تجهيز خياراته وربطه بالمخزون.","reviewed","none found","","","pass","","Source audit; rendered locale and state checks."
"connected-detail-2:en","src/content/landing.json","connected.details.connected-detail-2","en","connected detail disclosure or source inventory","Sell it through the Storefront or POS against the correct Store ledger.","Sell it through the Storefront or POS against the correct Store ledger.","reviewed","none found","","","pass","","Source audit; rendered locale and state checks."
"connected-detail-2:ar","src/content/landing.json","connected.details.connected-detail-2","ar","connected detail disclosure or source inventory","نفّذ البيع من واجهة المتجر أو نقطة البيع باستخدام دفتر مخزون المتجر الصحيح.","نفّذ البيع من واجهة المتجر أو نقطة البيع باستخدام دفتر مخزون المتجر الصحيح.","reviewed","none found","","","pass","","Source audit; rendered locale and state checks."
"connected-detail-3:en","src/content/landing.json","connected.details.connected-detail-3","en","connected detail disclosure or source inventory","Reserve and move stock through controlled inventory flows.","Reserve and move stock through controlled inventory flows.","reviewed","none found","","","pass","","Source audit; rendered locale and state checks."
"connected-detail-3:ar","src/content/landing.json","connected.details.connected-detail-3","ar","connected detail disclosure or source inventory","احجز المخزون وحرّكه من خلال عمليات مخزون منضبطة.","احجز المخزون وحرّكه من خلال عمليات مخزون منضبطة.","reviewed","none found","","","pass","","Source audit; rendered locale and state checks."
"connected-detail-4:en","src/content/landing.json","connected.details.connected-detail-4","en","connected detail disclosure or source inventory","Replenish through suppliers, purchase orders, receiving, or assembly.","Replenish through suppliers, purchase orders, receiving, or assembly.","reviewed","none found","","","pass","","Source audit; rendered locale and state checks."
"connected-detail-4:ar","src/content/landing.json","connected.details.connected-detail-4","ar","connected detail disclosure or source inventory","أعد تزويد المخزون عبر الموردين وأوامر الشراء والاستلام أو التجميع.","أعد تزويد المخزون عبر الموردين وأوامر الشراء والاستلام أو التجميع.","reviewed","none found","","","pass","","Source audit; rendered locale and state checks."
"connected-detail-5:en","src/content/landing.json","connected.details.connected-detail-5","en","connected detail disclosure or source inventory","Follow orders, refunds, costs, and performance without rebuilding the story in spreadsheets.","Follow orders, refunds, costs, and performance without rebuilding the story in spreadsheets.","reviewed","none found","","","pass","","Source audit; rendered locale and state checks."
"connected-detail-5:ar","src/content/landing.json","connected.details.connected-detail-5","ar","connected detail disclosure or source inventory","تابع الطلبات والاستردادات والتكاليف والأداء دون إعادة تجميع البيانات في ملفات منفصلة.","تابع الطلبات والاستردادات والتكاليف والأداء دون إعادة تجميع البيانات في ملفات منفصلة.","reviewed","none found","","","pass","","Source audit; rendered locale and state checks."
"business-eyebrow:en","src/content/landing.json","business.eyebrow","en","business section","One Business, independent Stores","One Business, independent Stores","reviewed","none found","","","pass","","Source audit; rendered locale and state checks."
"business-eyebrow:ar","src/content/landing.json","business.eyebrow","ar","business section","نشاط تجاري واحد، متاجر مستقلة","نشاط تجاري واحد، متاجر مستقلة","reviewed","none found","","","pass","","Source audit; rendered locale and state checks."
"business-heading:en","src/content/landing.json","business.heading","en","business section","Run multiple brands without mixing their operations.","Run multiple brands without mixing their operations.","reviewed","none found","","","pass","","Source audit; rendered locale and state checks."
"business-heading:ar","src/content/landing.json","business.heading","ar","business section","إدارة علامات متعددة مع استقلال عمليات كل متجر.","شغّل علامات متعددة مع استقلال عمليات كل متجر.","reviewed","found","Fragmented noun phrase rather than an action-oriented heading.","Use a direct business action.","pass","","Source audit; rendered locale and state checks."
"business-body:en","src/content/landing.json","business.body","en","business section","A Business can own multiple Stores and shared physical Locations. Each Store keeps its own branding, catalog, customers, orders, finances, permissions, and inventory ledger. Business Owners retain oversight while operators enter only the Stores they are allowed to run.","A Business can own multiple Stores and shared physical Locations. Each Store keeps its own branding, catalog, customers, orders, finances, permissions, and inventory ledger. Business Owners retain oversight while operators enter only the Stores they are allowed to run.","reviewed","none found","","","pass","","Source audit; rendered locale and state checks."
"business-body:ar","src/content/landing.json","business.body","ar","business section","يمكن للنشاط التجاري امتلاك عدة متاجر واستخدام مواقع فعلية مشتركة. يحتفظ كل متجر بعلامته وكتالوجه وعملائه وطلباته وماليته وصلاحياته ودفتر مخزونه. يظل لمالك النشاط إشراف كامل، بينما يدخل كل مشغّل إلى المتاجر المصرح له بإدارتها فقط.","يمكن للنشاط التجاري امتلاك عدة متاجر واستخدام مواقع فعلية مشتركة. يحتفظ كل متجر بعلامته وكتالوجه وعملائه وطلباته وماليته وصلاحياته ودفتر مخزونه. يظل لمالك النشاط إشراف كامل، بينما يدخل كل مشغّل إلى المتاجر المصرح له بإدارتها فقط.","reviewed","none found","","","pass","","Source audit; rendered locale and state checks."
"business-premise:en","src/content/landing.json","business.premise","en","business section","","","empty-unused","not assessed","","","not assessed","Structural placeholder; the corresponding component renders no content for this field.","Source audit; rendered locale and state checks."
"business-premise:ar","src/content/landing.json","business.premise","ar","business section","","","empty-unused","not assessed","","","not assessed","Structural placeholder; the corresponding component renders no content for this field.","Source audit; rendered locale and state checks."
"business-detail-1:en","src/content/landing.json","business.details.business-detail-1","en","business detail disclosure or source inventory","Store-specific branding and commerce data","Store-specific branding and commerce data","reviewed","none found","","","pass","","Source audit; rendered locale and state checks."
"business-detail-1:ar","src/content/landing.json","business.details.business-detail-1","ar","business detail disclosure or source inventory","علامة وبيانات تجارية مستقلة لكل متجر","علامة وبيانات تجارية مستقلة لكل متجر","reviewed","none found","","","pass","","Source audit; rendered locale and state checks."
"business-detail-2:en","src/content/landing.json","business.details.business-detail-2","en","business detail disclosure or source inventory","Business-owned Locations serving one or more Stores","Business-owned Locations serving one or more Stores","reviewed","none found","","","pass","","Source audit; rendered locale and state checks."
"business-detail-2:ar","src/content/landing.json","business.details.business-detail-2","ar","business detail disclosure or source inventory","مواقع يملكها النشاط وتخدم متجراً أو أكثر","مواقع يملكها النشاط وتخدم متجراً أو أكثر","reviewed","none found","","","pass","","Source audit; rendered locale and state checks."
"business-detail-3:en","src/content/landing.json","business.details.business-detail-3","en","business detail disclosure or source inventory","Separate Store stock ledgers at a shared Location","Separate Store stock ledgers at a shared Location","reviewed","none found","","","pass","","Source audit; rendered locale and state checks."
"business-detail-3:ar","src/content/landing.json","business.details.business-detail-3","ar","business detail disclosure or source inventory","دفتر مخزون منفصل لكل متجر داخل الموقع المشترك","دفتر مخزون منفصل لكل متجر داخل الموقع المشترك","reviewed","none found","","","pass","","Source audit; rendered locale and state checks."
"business-detail-4:en","src/content/landing.json","business.details.business-detail-4","en","business detail disclosure or source inventory","Owner access across the Business","Owner access across the Business","reviewed","none found","","","pass","","Source audit; rendered locale and state checks."
"business-detail-4:ar","src/content/landing.json","business.details.business-detail-4","ar","business detail disclosure or source inventory","وصول المالك إلى كل متاجر النشاط","وصول المالك إلى كل متاجر النشاط","reviewed","none found","","","pass","","Source audit; rendered locale and state checks."
"business-detail-5:en","src/content/landing.json","business.details.business-detail-5","en","business detail disclosure or source inventory","Store-specific staff roles and permissions","Store-specific staff roles and permissions","reviewed","none found","","","pass","","Source audit; rendered locale and state checks."
"business-detail-5:ar","src/content/landing.json","business.details.business-detail-5","ar","business detail disclosure or source inventory","أدوار وصلاحيات موظفين خاصة بكل متجر","أدوار وصلاحيات موظفين خاصة بكل متجر","reviewed","none found","","","pass","","Source audit; rendered locale and state checks."
"business-detail-6:en","src/content/landing.json","business.details.business-detail-6","en","business detail disclosure or source inventory","Safe Store switching that starts at the selected Store dashboard","Safe Store switching that starts at the selected Store dashboard","reviewed","none found","","","pass","","Source audit; rendered locale and state checks."
"business-detail-6:ar","src/content/landing.json","business.details.business-detail-6","ar","business detail disclosure or source inventory","تبديل آمن يفتح لوحة المتجر المختار","تبديل آمن يفتح لوحة المتجر المختار","reviewed","none found","","","pass","","Source audit; rendered locale and state checks."
"sell-eyebrow:en","src/content/landing.json","sell.eyebrow","en","sell section","Sell online","Sell online","reviewed","none found","","","pass","","Source audit; rendered locale and state checks."
"sell-eyebrow:ar","src/content/landing.json","sell.eyebrow","ar","sell section","البيع عبر الإنترنت","البيع عبر الإنترنت","reviewed","none found","","","pass","","Source audit; rendered locale and state checks."
"sell-heading:en","src/content/landing.json","sell.heading","en","sell section","A Storefront that helps customers find products and check out with confidence.","A Storefront that helps customers find products and check out with confidence.","reviewed","none found","","","pass","","Source audit; rendered locale and state checks."
"sell-heading:ar","src/content/landing.json","sell.heading","ar","sell section","واجهة متجر تساعد العملاء على العثور على المنتجات وإتمام الشراء بثقة.","واجهة متجر تساعد العملاء على العثور على المنتجات وإتمام الشراء.","reviewed","found","Unsupported reassurance: “بثقة” adds a generic outcome not stated by the English source.","Describe product discovery and checkout without the extra promise.","pass","","Source audit; rendered locale and state checks."
"sell-body:en","src/content/landing.json","sell.body","en","sell section","Give each Store a branded shopping experience, from search and product selection through cart, shipping, payment, confirmation, and post-purchase service.","Give each Store a branded shopping experience, from search and product selection through cart, shipping, payment, confirmation, and post-purchase service.","reviewed","none found","","","pass","","Source audit; rendered locale and state checks."
"sell-body:ar","src/content/landing.json","sell.body","ar","sell section","امنح كل متجر تجربة تسوق بعلامته، من البحث واكتشاف المنتجات واختيار الخيارات إلى السلة والشحن وطريقة الدفع والتأكيد وخدمات ما بعد الشراء.","امنح كل متجر تجربة تسوق بعلامته، من البحث واكتشاف المنتجات واختيار الخيارات إلى السلة والشحن وطريقة الدفع والتأكيد وخدمات ما بعد الشراء.","reviewed","none found","","","pass","","Source audit; rendered locale and state checks."
"sell-premise:en","src/content/landing.json","sell.premise","en","sell section","","","empty-unused","not assessed","","","not assessed","Structural placeholder; the corresponding component renders no content for this field.","Source audit; rendered locale and state checks."
"sell-premise:ar","src/content/landing.json","sell.premise","ar","sell section","","","empty-unused","not assessed","","","not assessed","Structural placeholder; the corresponding component renders no content for this field.","Source audit; rendered locale and state checks."
"sell-detail-1:en","src/content/landing.json","sell.details.sell-detail-1","en","sell detail disclosure or source inventory","Bilingual Storefront foundations with native RTL/LTR layouts; complete localization across every admin and customer workflow remains subject to deployment verification.","Bilingual Storefront foundations with native RTL/LTR layouts; complete localization across every admin and customer workflow remains subject to deployment verification.","reviewed","none found","","","pass","","Source audit; rendered locale and state checks."
"sell-detail-1:ar","src/content/landing.json","sell.details.sell-detail-1","ar","sell detail disclosure or source inventory","أساس ثنائي اللغة لواجهة المتجر مع اتجاه أصلي من اليمين إلى اليسار ومن اليسار إلى اليمين؛ وتظل الترجمة الكاملة لكل مسارات الإدارة والعملاء خاضعة للتحقق في النسخة المنشورة.","أساس ثنائي اللغة لواجهة المتجر مع اتجاه أصلي من اليمين إلى اليسار ومن اليسار إلى اليمين؛ وتظل الترجمة الكاملة لكل مسارات الإدارة والعملاء خاضعة للتحقق في النسخة المنشورة.","reviewed","none found","","","pass","","Source audit; rendered locale and state checks."
"sell-detail-2:en","src/content/landing.json","sell.details.sell-detail-2","en","sell detail disclosure or source inventory","Configurable announcement bar, navigation, hero banners, social links, and layout.","Configurable announcement bar, navigation, hero banners, social links, and layout.","reviewed","none found","","","pass","","Source audit; rendered locale and state checks."
"sell-detail-2:ar","src/content/landing.json","sell.details.sell-detail-2","ar","sell detail disclosure or source inventory","شريط إعلانات وتنقل وبانرات رئيسية وروابط اجتماعية وتخطيط قابل للتخصيص.","شريط إعلانات وتنقل وبانرات رئيسية وروابط اجتماعية وتخطيط قابل للتخصيص.","reviewed","none found","","","pass","","Source audit; rendered locale and state checks."
"sell-detail-3:en","src/content/landing.json","sell.details.sell-detail-3","en","sell detail disclosure or source inventory","Product search and suggestions; category trees; option filters; sorting; pagination; grid, row, and immersive views; URL-backed shareable catalog state; and remembered filters.","Product search and suggestions; category trees; option filters; sorting; pagination; grid, row, and immersive views; URL-backed shareable catalog state; and remembered filters.","reviewed","none found","","","pass","","Source audit; rendered locale and state checks."
"sell-detail-3:ar","src/content/landing.json","sell.details.sell-detail-3","ar","sell detail disclosure or source inventory","بحث واقتراحات؛ شجرة فئات؛ فلاتر للخيارات؛ ترتيب؛ تقسيم صفحات؛ عرض شبكي أو صفّي أو غامر؛ حالة كتالوج محفوظة في الرابط وقابلة للمشاركة؛ وتذكّر الفلاتر.","بحث واقتراحات؛ شجرة فئات؛ فلاتر للخيارات؛ ترتيب؛ تقسيم صفحات؛ عرض شبكي أو صفّي أو غامر؛ حالة كتالوج محفوظة في الرابط وقابلة للمشاركة؛ وتذكّر الفلاتر.","reviewed","none found","","","pass","","Source audit; rendered locale and state checks."
"sell-detail-4:en","src/content/landing.json","sell.details.sell-detail-4","en","sell detail disclosure or source inventory","Product cards, quick view, galleries, variant and option selection, effective pricing, live orderable quantity, ratings, reviews, recommendations, and recently viewed products.","Product cards, quick view, galleries, variant and option selection, effective pricing, live orderable quantity, ratings, reviews, recommendations, and recently viewed products.","reviewed","none found","","","pass","","Source audit; rendered locale and state checks."
"sell-detail-4:ar","src/content/landing.json","sell.details.sell-detail-4","ar","sell detail disclosure or source inventory","بطاقات المنتجات والمعاينة السريعة ومعارض الصور واختيار التركيبات والخيارات والأسعار الفعلية والكمية المتاحة للطلب والتقييمات والمراجعات والتوصيات والمنتجات المشاهدة أخيراً.","بطاقات المنتجات والمعاينة السريعة ومعارض الصور واختيار التركيبات والخيارات والأسعار الفعلية والكمية المتاحة للطلب والتقييمات والمراجعات والتوصيات والمنتجات المشاهدة أخيراً.","reviewed","none found","","","pass","","Source audit; rendered locale and state checks."
"sell-detail-5:en","src/content/landing.json","sell.details.sell-detail-5","en","sell detail disclosure or source inventory","Bundle pages with tier pricing and availability-safe cart insertion.","Bundle pages with tier pricing and availability-safe cart insertion.","reviewed","none found","","","pass","","Source audit; rendered locale and state checks."
"sell-detail-5:ar","src/content/landing.json","sell.details.sell-detail-5","ar","sell detail disclosure or source inventory","صفحات باقات بأسعار شرائح وإضافة إلى السلة تراعي التوفر الفعلي.","صفحات باقات بأسعار شرائح وإضافة إلى السلة تراعي التوفر الفعلي.","reviewed","none found","","","pass","","Source audit; rendered locale and state checks."
"sell-detail-6:en","src/content/landing.json","sell.details.sell-detail-6","en","sell detail disclosure or source inventory","Persistent Store-scoped cart, quantity changes, combo-offer detection, authoritative line and stock reconciliation, and coupons.","Persistent Store-scoped cart, quantity changes, combo-offer detection, authoritative line and stock reconciliation, and coupons.","reviewed","none found","","","pass","","Source audit; rendered locale and state checks."
"sell-detail-6:ar","src/content/landing.json","sell.details.sell-detail-6","ar","sell detail disclosure or source inventory","سلة محفوظة خاصة بكل متجر وتعديل الكميات واكتشاف العروض المجمعة ومراجعة موثوقة لبنود السلة والمخزون والكوبونات.","سلة محفوظة خاصة بكل متجر وتعديل الكميات واكتشاف العروض المجمعة ومطابقة بنود السلة والمخزون مع بيانات الخادم والكوبونات.","reviewed","found","Vague claim: “مراجعة موثوقة” does not identify what the system checks.","Name reconciliation of cart lines and stock against server data.","pass","","Source audit; rendered locale and state checks."
"sell-detail-7:en","src/content/landing.json","sell.details.sell-detail-7","en","sell detail disclosure or source inventory","Staged checkout with saved or new addresses, Egyptian governorate and area shipping, configured shipping and tax, cash on delivery where enabled, server-authoritative totals, indivisible order placement, and protection when customers compete for the last unit.","Staged checkout with saved or new addresses, Egyptian governorate and area shipping, configured shipping and tax, cash on delivery where enabled, server-authoritative totals, indivisible order placement, and protection when customers compete for the last unit.","reviewed","none found","","","pass","","Source audit; rendered locale and state checks."
"sell-detail-7:ar","src/content/landing.json","sell.details.sell-detail-7","ar","sell detail disclosure or source inventory","دفع على مراحل بعناوين محفوظة أو جديدة وشحن حسب المحافظة والمنطقة وإعدادات الشحن والضريبة والدفع عند الاستلام عند تفعيله وإجماليات يحسبها الخادم وإنشاء الطلب كوحدة واحدة وحماية عند محاولة أكثر من عميل شراء آخر قطعة.","إتمام الشراء على مراحل بعناوين محفوظة أو جديدة وشحن حسب المحافظة والمنطقة وإعدادات الشحن والضريبة والدفع عند الاستلام عند تفعيله وإجماليات يحسبها الخادم وإنشاء الطلب كوحدة واحدة وحماية عند محاولة أكثر من عميل شراء آخر قطعة.","reviewed","found","Terminology drift: “دفع على مراحل” describes staged payment rather than staged checkout.","Use “إتمام الشراء على مراحل” for the checkout flow.","pass","","Source audit; rendered locale and state checks."
"sell-detail-8:en","src/content/landing.json","sell.details.sell-detail-8","en","sell detail disclosure or source inventory","Confirmation, customer order lookup, abandoned-checkout capture, recovery-token restoration, recovery status, and email-attempt timestamps. Actual email delivery requires configured provider and worker infrastructure.","Confirmation, customer order lookup, abandoned-checkout capture, recovery-token restoration, recovery status, and email-attempt timestamps. Actual email delivery requires configured provider and worker infrastructure.","reviewed","none found","","","pass","","Source audit; rendered locale and state checks."
"sell-detail-8:ar","src/content/landing.json","sell.details.sell-detail-8","ar","sell detail disclosure or source inventory","تأكيد الطلب وبحث العميل عن طلبه وحفظ عملية الدفع المتروكة واستعادتها برمز مخصص ومتابعة حالة الاستعادة وتوقيت محاولات البريد. يتطلب إرسال البريد فعلياً إعداد مزود الخدمة وعمليات الخلفية.","تأكيد الطلب وبحث العميل عن طلبه وحفظ عملية الدفع المتروكة واستعادتها برمز مخصص ومتابعة حالة الاستعادة وتوقيت محاولات البريد. يتطلب إرسال البريد فعلياً إعداد مزود الخدمة وعمليات الخلفية.","reviewed","none found","","","pass","","Source audit; rendered locale and state checks."
"sell-detail-9:en","src/content/landing.json","sell.details.sell-detail-9","en","sell detail disclosure or source inventory","Favorites, including guest favorites merged into the customer's Store account after sign-in.","Favorites, including guest favorites merged into the customer's Store account after sign-in.","reviewed","none found","","","pass","","Source audit; rendered locale and state checks."
"sell-detail-9:ar","src/content/landing.json","sell.details.sell-detail-9","ar","sell detail disclosure or source inventory","المفضلة، بما فيها دمج اختيارات الزائر في حسابه الخاص بالمتجر بعد تسجيل الدخول.","المفضلة، بما فيها دمج اختيارات الزائر في حسابه الخاص بالمتجر بعد تسجيل الدخول.","reviewed","none found","","","pass","","Source audit; rendered locale and state checks."
"catalog-eyebrow:en","src/content/landing.json","catalog.eyebrow","en","catalog section","Shape the offer","Shape the offer","reviewed","none found","","","pass","","Source audit; rendered locale and state checks."
"catalog-eyebrow:ar","src/content/landing.json","catalog.eyebrow","ar","catalog section","صمّم عرضك التجاري","صمّم عرضك التجاري","reviewed","none found","","","pass","","Source audit; rendered locale and state checks."
"catalog-heading:en","src/content/landing.json","catalog.heading","en","catalog section","From a single product to a catalog with variants and bundles.","From a single product to a catalog with variants and bundles.","reviewed","none found","","","pass","","Source audit; rendered locale and state checks."
"catalog-heading:ar","src/content/landing.json","catalog.heading","ar","catalog section","من منتج واحد إلى كتالوج يضم الخيارات والباقات.","من منتج واحد إلى كتالوج يضم الخيارات والباقات.","reviewed","none found","","","pass","","Source audit; rendered locale and state checks."
"catalog-body:en","src/content/landing.json","catalog.body","en","catalog section","Build a bilingual catalog, reuse option groups, generate variant combinations, connect every sellable choice to the right inventory, and merchandise products through categories, images, bundles, offers, banners, and reviews.","Build a bilingual catalog, reuse option groups, generate variant combinations, connect every sellable choice to the right inventory, and merchandise products through categories, images, bundles, offers, banners, and reviews.","reviewed","none found","","","pass","","Source audit; rendered locale and state checks."
"catalog-body:ar","src/content/landing.json","catalog.body","ar","catalog section","أنشئ كتالوجاً ثنائي اللغة، وأعد استخدام مجموعات الخيارات، وولّد تركيبات المنتجات، واربط كل اختيار قابل للبيع بمخزونه الصحيح، ثم اعرضه بالفئات والصور والباقات والعروض والبانرات والمراجعات.","أنشئ كتالوجاً ثنائي اللغة، وأعد استخدام مجموعات الخيارات، وولّد تركيبات المنتجات، واربط كل اختيار قابل للبيع بمخزونه الصحيح، ثم اعرضه بالفئات والصور والباقات والعروض والبانرات والمراجعات.","reviewed","none found","","","pass","","Source audit; rendered locale and state checks."
"catalog-premise:en","src/content/landing.json","catalog.premise","en","catalog section","","","empty-unused","not assessed","","","not assessed","Structural placeholder; the corresponding component renders no content for this field.","Source audit; rendered locale and state checks."
"catalog-premise:ar","src/content/landing.json","catalog.premise","ar","catalog section","","","empty-unused","not assessed","","","not assessed","Structural placeholder; the corresponding component renders no content for this field.","Source audit; rendered locale and state checks."
"catalog-detail-1:en","src/content/landing.json","catalog.details.catalog-detail-1","en","catalog detail disclosure or source inventory","Product search, status, create, edit, draft delete, hard delete, and CSV preview/import/export.","Product search, status, create, edit, draft delete, hard delete, and CSV preview/import/export.","reviewed","none found","","","pass","","Source audit; rendered locale and state checks."
"catalog-detail-1:ar","src/content/landing.json","catalog.details.catalog-detail-1","ar","catalog detail disclosure or source inventory","البحث عن المنتجات وحالاتها وإنشاؤها وتعديلها وحذف المسودة أو الحذف النهائي ومعاينة CSV واستيراده وتصديره.","البحث عن المنتجات وحالاتها وإنشاؤها وتعديلها وحذف المسودة أو الحذف النهائي ومعاينة CSV واستيراده وتصديره.","reviewed","none found","","","pass","","Source audit; rendered locale and state checks."
"catalog-detail-2:en","src/content/landing.json","catalog.details.catalog-detail-2","en","catalog detail disclosure or source inventory","Arabic and English product names and descriptions.","Arabic and English product names and descriptions.","reviewed","none found","","","pass","","Source audit; rendered locale and state checks."
"catalog-detail-2:ar","src/content/landing.json","catalog.details.catalog-detail-2","ar","catalog detail disclosure or source inventory","أسماء وأوصاف المنتجات بالعربية والإنجليزية.","أسماء وأوصاف المنتجات بالعربية والإنجليزية.","reviewed","none found","","","pass","","Source audit; rendered locale and state checks."
"catalog-detail-3:en","src/content/landing.json","catalog.details.catalog-detail-3","en","catalog detail disclosure or source inventory","Hierarchical categories with ordering, activation, quick creation, and CSV operations.","Hierarchical categories with ordering, activation, quick creation, and CSV operations.","reviewed","none found","","","pass","","Source audit; rendered locale and state checks."
"catalog-detail-3:ar","src/content/landing.json","catalog.details.catalog-detail-3","ar","catalog detail disclosure or source inventory","فئات متدرجة مع الترتيب والتفعيل والإنشاء السريع وعمليات CSV.","فئات متدرجة مع الترتيب والتفعيل والإنشاء السريع وعمليات CSV.","reviewed","none found","","","pass","","Source audit; rendered locale and state checks."
"catalog-detail-4:en","src/content/landing.json","catalog.details.catalog-detail-4","en","catalog detail disclosure or source inventory","Multiple product images and image selection.","Multiple product images and image selection.","reviewed","none found","","","pass","","Source audit; rendered locale and state checks."
"catalog-detail-4:ar","src/content/landing.json","catalog.details.catalog-detail-4","ar","catalog detail disclosure or source inventory","صور متعددة للمنتج مع اختيار الصورة المستخدمة.","صور متعددة للمنتج مع اختيار الصورة المستخدمة.","reviewed","none found","","","pass","","Source audit; rendered locale and state checks."
"catalog-detail-5:en","src/content/landing.json","catalog.details.catalog-detail-5","en","catalog detail disclosure or source inventory","Reusable option-group library and per-product option copies.","Reusable option-group library and per-product option copies.","reviewed","none found","","","pass","","Source audit; rendered locale and state checks."
"catalog-detail-5:ar","src/content/landing.json","catalog.details.catalog-detail-5","ar","catalog detail disclosure or source inventory","مكتبة مجموعات خيارات قابلة لإعادة الاستخدام مع نسخة خيارات خاصة بكل منتج.","مكتبة مجموعات خيارات قابلة لإعادة الاستخدام مع نسخة خيارات خاصة بكل منتج.","reviewed","none found","","","pass","","Source audit; rendered locale and state checks."
"catalog-detail-6:en","src/content/landing.json","catalog.details.catalog-detail-6","en","catalog detail disclosure or source inventory","Option values, ordering, color or visual swatches, image inheritance, option-value image overrides, and safe-removal preview.","Option values, ordering, color or visual swatches, image inheritance, option-value image overrides, and safe-removal preview.","reviewed","none found","","","pass","","Source audit; rendered locale and state checks."
"catalog-detail-6:ar","src/content/landing.json","catalog.details.catalog-detail-6","ar","catalog detail disclosure or source inventory","قيم الخيارات وترتيبها وعينات الألوان أو الخيارات المرئية ووراثة الصور وتخصيص صورة لقيمة معينة ومعاينة أثر الحذف قبل تنفيذه.","قيم الخيارات وترتيبها وعينات الألوان أو الخيارات المرئية ووراثة الصور وتخصيص صورة لقيمة معينة ومعاينة أثر الحذف قبل تنفيذه.","reviewed","none found","","","pass","","Source audit; rendered locale and state checks."
"catalog-detail-7:en","src/content/landing.json","catalog.details.catalog-detail-7","en","catalog detail disclosure or source inventory","Automatic variant combination generation.","Automatic variant combination generation.","reviewed","none found","","","pass","","Source audit; rendered locale and state checks."
"catalog-detail-7:ar","src/content/landing.json","catalog.details.catalog-detail-7","ar","catalog detail disclosure or source inventory","توليد تركيبات المنتج تلقائياً.","توليد تركيبات المنتج تلقائياً.","reviewed","none found","","","pass","","Source audit; rendered locale and state checks."
"catalog-detail-8:en","src/content/landing.json","catalog.details.catalog-detail-8","en","catalog detail disclosure or source inventory","Variant activation, SKU, price overrides, grouped views, detail editing, and product defaults.","Variant activation, SKU, price overrides, grouped views, detail editing, and product defaults.","reviewed","none found","","","pass","","Source audit; rendered locale and state checks."
"catalog-detail-8:ar","src/content/landing.json","catalog.details.catalog-detail-8","ar","catalog detail disclosure or source inventory","تفعيل التركيبات ورمز تعريف المخزون والسعر المخصص والعرض المجمع وتعديل التفاصيل والقيم الافتراضية للمنتج.","تفعيل التركيبات ورمز تعريف المخزون والسعر المخصص والعرض المجمع وتعديل التفاصيل والقيم الافتراضية للمنتج.","reviewed","none found","","","pass","","Source audit; rendered locale and state checks."
"catalog-detail-9:en","src/content/landing.json","catalog.details.catalog-detail-9","en","catalog detail disclosure or source inventory","Product-to-inventory and variant-to-inventory links.","Product-to-inventory and variant-to-inventory links.","reviewed","none found","","","pass","","Source audit; rendered locale and state checks."
"catalog-detail-9:ar","src/content/landing.json","catalog.details.catalog-detail-9","ar","catalog detail disclosure or source inventory","ربط المنتج أو تركيبته بصنف المخزون الصحيح.","ربط المنتج أو تركيبته بصنف المخزون الصحيح.","reviewed","none found","","","pass","","Source audit; rendered locale and state checks."
"catalog-detail-10:en","src/content/landing.json","catalog.details.catalog-detail-10","en","catalog detail disclosure or source inventory","Bundles with selected products and tier pricing.","Bundles with selected products and tier pricing.","reviewed","none found","","","pass","","Source audit; rendered locale and state checks."
"catalog-detail-10:ar","src/content/landing.json","catalog.details.catalog-detail-10","ar","catalog detail disclosure or source inventory","باقات بمنتجات مختارة وأسعار حسب الشريحة.","باقات بمنتجات مختارة وأسعار حسب الشريحة.","reviewed","none found","","","pass","","Source audit; rendered locale and state checks."
"catalog-detail-11:en","src/content/landing.json","catalog.details.catalog-detail-11","en","catalog detail disclosure or source inventory","Combo offers targeting products or categories.","Combo offers targeting products or categories.","reviewed","none found","","","pass","","Source audit; rendered locale and state checks."
"catalog-detail-11:ar","src/content/landing.json","catalog.details.catalog-detail-11","ar","catalog detail disclosure or source inventory","عروض مجمعة تستهدف منتجات أو فئات.","عروض مجمعة تستهدف منتجات أو فئات.","reviewed","none found","","","pass","","Source audit; rendered locale and state checks."
"catalog-detail-12:en","src/content/landing.json","catalog.details.catalog-detail-12","en","catalog detail disclosure or source inventory","Product review moderation.","Product review moderation.","reviewed","none found","","","pass","","Source audit; rendered locale and state checks."
"catalog-detail-12:ar","src/content/landing.json","catalog.details.catalog-detail-12","ar","catalog detail disclosure or source inventory","مراجعة تقييمات المنتجات وإدارتها.","مراجعة تقييمات المنتجات وإدارتها.","reviewed","none found","","","pass","","Source audit; rendered locale and state checks."
"inventory-eyebrow:en","src/content/landing.json","inventory.eyebrow","en","inventory section","Accurate inventory, wherever you sell","Accurate inventory, wherever you sell","reviewed","none found","","","pass","","Source audit; rendered locale and state checks."
"inventory-eyebrow:ar","src/content/landing.json","inventory.eyebrow","ar","inventory section","مخزون دقيق أينما تبيع","مخزون دقيق أينما تبيع","reviewed","none found","","","pass","","Source audit; rendered locale and state checks."
"inventory-heading:en","src/content/landing.json","inventory.heading","en","inventory section","Know what you can sell, what it requires, and where it moved.","Know what you can sell, what it requires, and where it moved.","reviewed","none found","","","pass","","Source audit; rendered locale and state checks."
"inventory-heading:ar","src/content/landing.json","inventory.heading","ar","inventory section","معرفة ما يتاح للبيع، وما يتطلبه، ومسار حركته.","معرفة ما يتاح للبيع، وما يتطلبه، ومسار حركته.","reviewed","none found","","","pass","","Source audit; rendered locale and state checks."
"inventory-body:en","src/content/landing.json","inventory.body","en","inventory section","Storefront and POS availability come back to controlled Store ledgers at Business-owned Locations. Products can link to finished inventory or depend on several components, so orderability reflects the materials actually available.","Storefront and POS availability come back to controlled Store ledgers at Business-owned Locations. Products can link to finished inventory or depend on several components, so orderability reflects the materials actually available.","reviewed","none found","","","pass","","Source audit; rendered locale and state checks."
"inventory-body:ar","src/content/landing.json","inventory.body","ar","inventory section","تستند إتاحة المنتجات في واجهة المتجر ونقطة البيع إلى دفاتر مخزون منضبطة داخل مواقع يملكها النشاط التجاري. ويمكن ربط المنتج بمخزون نهائي أو بعدة مكونات، فتعبّر الكمية القابلة للبيع عن المواد المتاحة فعلياً.","تستند إتاحة المنتجات في واجهة المتجر ونقطة البيع إلى دفاتر مخزون منضبطة داخل مواقع يملكها النشاط التجاري. ويمكن ربط المنتج بمخزون نهائي أو بعدة مكونات، فتعبّر الكمية القابلة للبيع عن المواد المتاحة فعلياً.","reviewed","none found","","","pass","","Source audit; rendered locale and state checks."
"inventory-premise:en","src/content/landing.json","inventory.premise","en","inventory section","","","empty-unused","not assessed","","","not assessed","Structural placeholder; the corresponding component renders no content for this field.","Source audit; rendered locale and state checks."
"inventory-premise:ar","src/content/landing.json","inventory.premise","ar","inventory section","","","empty-unused","not assessed","","","not assessed","Structural placeholder; the corresponding component renders no content for this field.","Source audit; rendered locale and state checks."
"inventory-detail-1:en","src/content/landing.json","inventory.details.inventory-detail-1","en","inventory detail disclosure or source inventory","Inventory item search, SKU details, category assignment, costs, and guarded deletion.","Inventory item search, SKU details, category assignment, costs, and guarded deletion.","reviewed","none found","","","pass","","Source audit; rendered locale and state checks."
"inventory-detail-1:ar","src/content/landing.json","inventory.details.inventory-detail-1","ar","inventory detail disclosure or source inventory","البحث في أصناف المخزون وتفاصيل رمز تعريف المخزون وربط الفئات والتكاليف والحذف المحمي.","البحث في أصناف المخزون وتفاصيل رمز تعريف المخزون وربط الفئات والتكاليف والحذف المحمي.","reviewed","none found","","","pass","","Source audit; rendered locale and state checks."
"inventory-detail-2:en","src/content/landing.json","inventory.details.inventory-detail-2","en","inventory detail disclosure or source inventory","Business-owned Location creation, editing, activation, and Store linking.","Business-owned Location creation, editing, activation, and Store linking.","reviewed","none found","","","pass","","Source audit; rendered locale and state checks."
"inventory-detail-2:ar","src/content/landing.json","inventory.details.inventory-detail-2","ar","inventory detail disclosure or source inventory","إنشاء المواقع التي يملكها النشاط وتعديلها وتفعيلها وربطها بالمتاجر.","إنشاء المواقع التي يملكها النشاط وتعديلها وتفعيلها وربطها بالمتاجر.","reviewed","none found","","","pass","","Source audit; rendered locale and state checks."
"inventory-detail-3:en","src/content/landing.json","inventory.details.inventory-detail-3","en","inventory detail disclosure or source inventory","Separate Store-ledger stock, reserved quantity, available quantity, valuation, low-stock, and out-of-stock visibility.","Separate Store-ledger stock, reserved quantity, available quantity, valuation, low-stock, and out-of-stock visibility.","reviewed","none found","","","pass","","Source audit; rendered locale and state checks."
"inventory-detail-3:ar","src/content/landing.json","inventory.details.inventory-detail-3","ar","inventory detail disclosure or source inventory","مخزون منفصل في دفتر كل متجر مع الكمية المحجوزة والمتاحة والتقييم وتنبيهات النقص والنفاد.","مخزون منفصل في دفتر كل متجر مع الكمية المحجوزة والمتاحة والتقييم وتنبيهات النقص والنفاد.","reviewed","none found","","","pass","","Source audit; rendered locale and state checks."
"inventory-detail-4:en","src/content/landing.json","inventory.details.inventory-detail-4","en","inventory detail disclosure or source inventory","Controlled movements for opening balance, adjustment, damage, return, waste, internal use, sales, receiving, and assembly.","Controlled movements for opening balance, adjustment, damage, return, waste, internal use, sales, receiving, and assembly.","reviewed","none found","","","pass","","Source audit; rendered locale and state checks."
"inventory-detail-4:ar","src/content/landing.json","inventory.details.inventory-detail-4","ar","inventory detail disclosure or source inventory","حركات منضبطة للرصيد الافتتاحي والتسوية والتلف والمرتجع والهالك والاستخدام الداخلي والمبيعات والاستلام والتجميع.","حركات منضبطة للرصيد الافتتاحي والتسوية والتلف والمرتجع والهالك والاستخدام الداخلي والمبيعات والاستلام والتجميع.","reviewed","none found","","","pass","","Source audit; rendered locale and state checks."
"inventory-detail-5:en","src/content/landing.json","inventory.details.inventory-detail-5","en","inventory detail disclosure or source inventory","Movement history, inventory reports, inline report viewing, and CSV export.","Movement history, inventory reports, inline report viewing, and CSV export.","reviewed","none found","","","pass","","Source audit; rendered locale and state checks."
"inventory-detail-5:ar","src/content/landing.json","inventory.details.inventory-detail-5","ar","inventory detail disclosure or source inventory","سجل الحركات وتقارير المخزون وعرض التقرير داخل الصفحة وتصدير CSV.","سجل الحركات وتقارير المخزون وعرض التقرير داخل الصفحة وتصدير CSV.","reviewed","none found","","","pass","","Source audit; rendered locale and state checks."
"inventory-detail-6:en","src/content/landing.json","inventory.details.inventory-detail-6","en","inventory detail disclosure or source inventory","Product and variant inventory links.","Product and variant inventory links.","reviewed","none found","","","pass","","Source audit; rendered locale and state checks."
"inventory-detail-6:ar","src/content/landing.json","inventory.details.inventory-detail-6","ar","inventory detail disclosure or source inventory","ربط المنتجات وتركيباتها بأصناف المخزون.","ربط المنتجات وتركيباتها بأصناف المخزون.","reviewed","none found","","","pass","","Source audit; rendered locale and state checks."
"inventory-detail-7:en","src/content/landing.json","inventory.details.inventory-detail-7","en","inventory detail disclosure or source inventory","Multi-component dependencies or bills of materials, including variant-specific dependency sets.","Multi-component dependencies or bills of materials, including variant-specific dependency sets.","reviewed","none found","","","pass","","Source audit; rendered locale and state checks."
"inventory-detail-7:ar","src/content/landing.json","inventory.details.inventory-detail-7","ar","inventory detail disclosure or source inventory","وصفات أو قوائم مكونات متعددة، ومنها مكونات خاصة بتركيبة منتج معينة.","وصفات أو قوائم مكونات متعددة، ومنها مكونات خاصة بتركيبة منتج معينة.","reviewed","none found","","","pass","","Source audit; rendered locale and state checks."
"inventory-detail-8:en","src/content/landing.json","inventory.details.inventory-detail-8","en","inventory detail disclosure or source inventory","Dependency-aware maximum orderable quantity across Storefront and POS.","Dependency-aware maximum orderable quantity across Storefront and POS.","reviewed","none found","","","pass","","Source audit; rendered locale and state checks."
"inventory-detail-8:ar","src/content/landing.json","inventory.details.inventory-detail-8","ar","inventory detail disclosure or source inventory","حساب أقصى كمية قابلة للطلب حسب المكونات في واجهة المتجر ونقطة البيع.","حساب أقصى كمية قابلة للطلب حسب المكونات في واجهة المتجر ونقطة البيع.","reviewed","none found","","","pass","","Source audit; rendered locale and state checks."
"inventory-detail-9:en","src/content/landing.json","inventory.details.inventory-detail-9","en","inventory detail disclosure or source inventory","Assembly preview, indivisible component consumption and finished-item production, automatic link on first build where applicable, and assembly history.","Assembly preview, indivisible component consumption and finished-item production, automatic link on first build where applicable, and assembly history.","reviewed","none found","","","pass","","Source audit; rendered locale and state checks."
"inventory-detail-9:ar","src/content/landing.json","inventory.details.inventory-detail-9","ar","inventory detail disclosure or source inventory","معاينة التجميع واستهلاك المكونات وإنتاج الصنف النهائي في عملية واحدة وربطه تلقائياً عند أول إنتاج عند انطباق ذلك وحفظ سجل التجميع.","معاينة التجميع واستهلاك المكونات وإنتاج الصنف النهائي في عملية واحدة وربطه تلقائياً عند أول إنتاج عند انطباق ذلك وحفظ سجل التجميع.","reviewed","none found","","","pass","","Source audit; rendered locale and state checks."
"inventory-detail-10:en","src/content/landing.json","inventory.details.inventory-detail-10","en","inventory detail disclosure or source inventory","Safeguards that prevent adjustments from violating active reservations.","Safeguards that prevent adjustments from violating active reservations.","reviewed","none found","","","pass","","Source audit; rendered locale and state checks."
"inventory-detail-10:ar","src/content/landing.json","inventory.details.inventory-detail-10","ar","inventory detail disclosure or source inventory","ضوابط تمنع التسويات من الإخلال بالكميات المحجوزة للطلبات النشطة.","ضوابط تمنع التسويات من الإخلال بالكميات المحجوزة للطلبات النشطة.","reviewed","none found","","","pass","","Source audit; rendered locale and state checks."
"purchasing-eyebrow:en","src/content/landing.json","purchasing.eyebrow","en","purchasing section","Replenish with the full product context","Replenish with the full product context","reviewed","none found","","","pass","","Source audit; rendered locale and state checks."
"purchasing-eyebrow:ar","src/content/landing.json","purchasing.eyebrow","ar","purchasing section","تزويد المخزون بسياق المنتج الكامل","تزويد المخزون بسياق المنتج الكامل","reviewed","none found","","","pass","","Source audit; rendered locale and state checks."
"purchasing-heading:en","src/content/landing.json","purchasing.heading","en","purchasing section","Carry product detail from purchase order to sellable inventory.","Carry product detail from purchase order to sellable inventory.","reviewed","none found","","","pass","","Source audit; rendered locale and state checks."
"purchasing-heading:ar","src/content/landing.json","purchasing.heading","ar","purchasing section","انقل تفاصيل المنتج من أمر الشراء إلى مخزون جاهز للبيع.","انقل تفاصيل المنتج من أمر الشراء إلى مخزون جاهز للبيع.","reviewed","none found","","","pass","","Source audit; rendered locale and state checks."
"purchasing-body:en","src/content/landing.json","purchasing.body","en","purchasing section","Manage suppliers and purchase orders, receive into the intended Location, preserve option dimensions, and create or link products from purchase-order expansions without losing how variants map to inventory.","Manage suppliers and purchase orders, receive into the intended Location, preserve option dimensions, and create or link products from purchase-order expansions without losing how variants map to inventory.","reviewed","none found","","","pass","","Source audit; rendered locale and state checks."
"purchasing-body:ar","src/content/landing.json","purchasing.body","ar","purchasing section","تدعم إدارة الموردين وأوامر الشراء الاستلام في الموقع المقصود، وحفظ أبعاد الخيارات، وإنشاء المنتجات أو ربطها من تفاصيل أمر الشراء دون فقدان علاقة التركيبات بالمخزون.","تدعم إدارة الموردين وأوامر الشراء الاستلام في الموقع المقصود، وحفظ أبعاد الخيارات، وإنشاء المنتجات أو ربطها من تفاصيل أمر الشراء دون فقدان علاقة التركيبات بالمخزون.","reviewed","none found","","","pass","","Source audit; rendered locale and state checks."
"purchasing-premise:en","src/content/landing.json","purchasing.premise","en","purchasing section","","","empty-unused","not assessed","","","not assessed","Structural placeholder; the corresponding component renders no content for this field.","Source audit; rendered locale and state checks."
"purchasing-premise:ar","src/content/landing.json","purchasing.premise","ar","purchasing section","","","empty-unused","not assessed","","","not assessed","Structural placeholder; the corresponding component renders no content for this field.","Source audit; rendered locale and state checks."
"purchasing-detail-1:en","src/content/landing.json","purchasing.details.purchasing-detail-1","en","purchasing detail disclosure or source inventory","Supplier create, view, update, delete, and search.","Supplier create, view, update, delete, and search.","reviewed","none found","","","pass","","Source audit; rendered locale and state checks."
"purchasing-detail-1:ar","src/content/landing.json","purchasing.details.purchasing-detail-1","ar","purchasing detail disclosure or source inventory","إنشاء الموردين وعرضهم وتعديلهم وحذفهم والبحث فيهم.","إنشاء الموردين وعرضهم وتعديلهم وحذفهم والبحث فيهم.","reviewed","none found","","","pass","","Source audit; rendered locale and state checks."
"purchasing-detail-2:en","src/content/landing.json","purchasing.details.purchasing-detail-2","en","purchasing detail disclosure or source inventory","Purchase-order search, creation, supplier references, notes, line validation, detail, and CSV export.","Purchase-order search, creation, supplier references, notes, line validation, detail, and CSV export.","reviewed","none found","","","pass","","Source audit; rendered locale and state checks."
"purchasing-detail-2:ar","src/content/landing.json","purchasing.details.purchasing-detail-2","ar","purchasing detail disclosure or source inventory","البحث في أوامر الشراء وإنشاؤها وإضافة مرجع المورد والملاحظات والتحقق من البنود وعرض التفاصيل وتصدير CSV.","البحث في أوامر الشراء وإنشاؤها وإضافة مرجع المورد والملاحظات والتحقق من البنود وعرض التفاصيل وتصدير CSV.","reviewed","none found","","","pass","","Source audit; rendered locale and state checks."
"purchasing-detail-3:en","src/content/landing.json","purchasing.details.purchasing-detail-3","en","purchasing detail disclosure or source inventory","Multi-dimensional option-group expansion on purchase-order lines.","Multi-dimensional option-group expansion on purchase-order lines.","reviewed","none found","","","pass","","Source audit; rendered locale and state checks."
"purchasing-detail-3:ar","src/content/landing.json","purchasing.details.purchasing-detail-3","ar","purchasing detail disclosure or source inventory","توسيع مجموعات الخيارات متعددة الأبعاد داخل بنود أمر الشراء.","توسيع مجموعات الخيارات متعددة الأبعاد داخل بنود أمر الشراء.","reviewed","none found","","","pass","","Source audit; rendered locale and state checks."
"purchasing-detail-4:en","src/content/landing.json","purchasing.details.purchasing-detail-4","en","purchasing detail disclosure or source inventory","Snapshots that preserve variant dimensions for later matching.","Snapshots that preserve variant dimensions for later matching.","reviewed","none found","","","pass","","Source audit; rendered locale and state checks."
"purchasing-detail-4:ar","src/content/landing.json","purchasing.details.purchasing-detail-4","ar","purchasing detail disclosure or source inventory","لقطات تحفظ أبعاد التركيبات لمطابقتها لاحقاً.","لقطات تحفظ أبعاد التركيبات لمطابقتها لاحقاً.","reviewed","none found","","","pass","","Source audit; rendered locale and state checks."
"purchasing-detail-5:en","src/content/landing.json","purchasing.details.purchasing-detail-5","en","purchasing detail disclosure or source inventory","Receiving into a selected Location through controlled stock movements.","Receiving into a selected Location through controlled stock movements.","reviewed","none found","","","pass","","Source audit; rendered locale and state checks."
"purchasing-detail-5:ar","src/content/landing.json","purchasing.details.purchasing-detail-5","ar","purchasing detail disclosure or source inventory","استلام البضاعة في موقع محدد عبر حركات مخزون منضبطة.","استلام البضاعة في موقع محدد عبر حركات مخزون منضبطة.","reviewed","none found","","","pass","","Source audit; rendered locale and state checks."
"purchasing-detail-6:en","src/content/landing.json","purchasing.details.purchasing-detail-6","en","purchasing detail disclosure or source inventory","Receipt reversal and guarded purchase-order deletion.","Receipt reversal and guarded purchase-order deletion.","reviewed","none found","","","pass","","Source audit; rendered locale and state checks."
"purchasing-detail-6:ar","src/content/landing.json","purchasing.details.purchasing-detail-6","ar","purchasing detail disclosure or source inventory","إلغاء عملية الاستلام وحذف أمر الشراء بضوابط حماية.","إلغاء عملية الاستلام وحذف أمر الشراء بضوابط حماية.","reviewed","none found","","","pass","","Source audit; rendered locale and state checks."
"purchasing-detail-7:en","src/content/landing.json","purchasing.details.purchasing-detail-7","en","purchasing detail disclosure or source inventory","Create a new product from a purchase-order expansion or link the expansion to an existing product.","Create a new product from a purchase-order expansion or link the expansion to an existing product.","reviewed","none found","","","pass","","Source audit; rendered locale and state checks."
"purchasing-detail-7:ar","src/content/landing.json","purchasing.details.purchasing-detail-7","ar","purchasing detail disclosure or source inventory","إنشاء منتج جديد من تفاصيل أمر الشراء أو ربطها بمنتج موجود.","إنشاء منتج جديد من تفاصيل أمر الشراء أو ربطها بمنتج موجود.","reviewed","none found","","","pass","","Source audit; rendered locale and state checks."
"purchasing-detail-8:en","src/content/landing.json","purchasing.details.purchasing-detail-8","en","purchasing detail disclosure or source inventory","Stable matching of multi-dimensional option signatures.","Stable matching of multi-dimensional option signatures.","reviewed","none found","","","pass","","Source audit; rendered locale and state checks."
"purchasing-detail-8:ar","src/content/landing.json","purchasing.details.purchasing-detail-8","ar","purchasing detail disclosure or source inventory","مطابقة ثابتة لتركيبات الخيارات متعددة الأبعاد.","مطابقة ثابتة لتركيبات الخيارات متعددة الأبعاد.","reviewed","none found","","","pass","","Source audit; rendered locale and state checks."
"orders-eyebrow:en","src/content/landing.json","orders.eyebrow","en","orders section","Order management","Order management","reviewed","none found","","","pass","","Source audit; rendered locale and state checks."
"orders-eyebrow:ar","src/content/landing.json","orders.eyebrow","ar","orders section","إدارة الطلبات","إدارة الطلبات","reviewed","none found","","","pass","","Source audit; rendered locale and state checks."
"orders-heading:en","src/content/landing.json","orders.heading","en","orders section","Keep orders, stock, payments, and customer history aligned.","Keep orders, stock, payments, and customer history aligned.","reviewed","none found","","","pass","","Source audit; rendered locale and state checks."
"orders-heading:ar","src/content/landing.json","orders.heading","ar","orders section","اتساق الطلبات والمخزون والمدفوعات وسجل العميل.","اتساق الطلبات والمخزون والمدفوعات وسجل العميل.","reviewed","none found","","","pass","","Source audit; rendered locale and state checks."
"orders-body:en","src/content/landing.json","orders.body","en","orders section","Search and manage Store orders through controlled status changes, fulfilment, partial or full refunds, exports, customer timelines, reordering, and abandoned-checkout recovery.","Search and manage Store orders through controlled status changes, fulfilment, partial or full refunds, exports, customer timelines, reordering, and abandoned-checkout recovery.","reviewed","none found","","","pass","","Source audit; rendered locale and state checks."
"orders-body:ar","src/content/landing.json","orders.body","ar","orders section","توفر إدارة طلبات المتجر تغييرات حالة منضبطة وتجهيز الطلبات والاسترداد الجزئي أو الكامل والتصدير والخط الزمني للعميل وإعادة الطلب واسترجاع عمليات الدفع المتروكة.","توفر إدارة طلبات المتجر تغييرات حالة منضبطة وتجهيز الطلبات والاسترداد الجزئي أو الكامل والتصدير والخط الزمني للعميل وإعادة الطلب واسترجاع عمليات الدفع المتروكة.","reviewed","none found","","","pass","","Source audit; rendered locale and state checks."
"orders-premise:en","src/content/landing.json","orders.premise","en","orders section","","","empty-unused","not assessed","","","not assessed","Structural placeholder; the corresponding component renders no content for this field.","Source audit; rendered locale and state checks."
"orders-premise:ar","src/content/landing.json","orders.premise","ar","orders section","","","empty-unused","not assessed","","","not assessed","Structural placeholder; the corresponding component renders no content for this field.","Source audit; rendered locale and state checks."
"orders-detail-1:en","src/content/landing.json","orders.details.orders-detail-1","en","orders detail disclosure or source inventory","Admin order search, filters, detail, controlled status transitions, option snapshots on order lines, and consolidated inventory pick lists.","Admin order search, filters, detail, controlled status transitions, option snapshots on order lines, and consolidated inventory pick lists.","reviewed","none found","","","pass","","Source audit; rendered locale and state checks."
"orders-detail-1:ar","src/content/landing.json","orders.details.orders-detail-1","ar","orders detail disclosure or source inventory","البحث في الطلبات وفلاترها وتفاصيلها وتغييرات الحالة المنضبطة ولقطات الخيارات داخل بنود الطلب وقوائم تجهيز مخزون مجمعة.","البحث في الطلبات وفلاترها وتفاصيلها وتغييرات الحالة المنضبطة ولقطات الخيارات داخل بنود الطلب وقوائم تجهيز مخزون مجمعة.","reviewed","none found","","","pass","","Source audit; rendered locale and state checks."
"orders-detail-2:en","src/content/landing.json","orders.details.orders-detail-2","en","orders detail disclosure or source inventory","Fulfilment records and customer-visible progress timeline.","Fulfilment records and customer-visible progress timeline.","reviewed","none found","","","pass","","Source audit; rendered locale and state checks."
"orders-detail-2:ar","src/content/landing.json","orders.details.orders-detail-2","ar","orders detail disclosure or source inventory","سجلات تجهيز الطلب وخط زمني يوضح التقدم للعميل.","سجلات تجهيز الطلب وخط زمني يوضح التقدم للعميل.","reviewed","none found","","","pass","","Source audit; rendered locale and state checks."
"orders-detail-3:en","src/content/landing.json","orders.details.orders-detail-3","en","orders detail disclosure or source inventory","Partial and full refund requests bounded by captured funds, with internal accounting records and exports.","Partial and full refund requests bounded by captured funds, with internal accounting records and exports.","reviewed","none found","","","pass","","Source audit; rendered locale and state checks."
"orders-detail-3:ar","src/content/landing.json","orders.details.orders-detail-3","ar","orders detail disclosure or source inventory","طلبات استرداد جزئي أو كامل في حدود المبلغ المحصّل، مع سجلات محاسبية داخلية وتصدير.","طلبات استرداد جزئي أو كامل في حدود المبلغ المحصّل، مع سجلات محاسبية داخلية وتصدير.","reviewed","none found","","","pass","","Source audit; rendered locale and state checks."
"orders-detail-4:en","src/content/landing.json","orders.details.orders-detail-4","en","orders detail disclosure or source inventory","Customer order history, detail, and reorder from a previous purchase.","Customer order history, detail, and reorder from a previous purchase.","reviewed","none found","","","pass","","Source audit; rendered locale and state checks."
"orders-detail-4:ar","src/content/landing.json","orders.details.orders-detail-4","ar","orders detail disclosure or source inventory","سجل طلبات العميل وتفاصيلها وإعادة الطلب من عملية شراء سابقة.","سجل طلبات العميل وتفاصيلها وإعادة الطلب من عملية شراء سابقة.","reviewed","none found","","","pass","","Source audit; rendered locale and state checks."
"orders-detail-5:en","src/content/landing.json","orders.details.orders-detail-5","en","orders detail disclosure or source inventory","Abandoned-checkout persistence, recovery-token restoration, recovery status, and email-attempt timestamps; delivery requires configured email and worker infrastructure.","Abandoned-checkout persistence, recovery-token restoration, recovery status, and email-attempt timestamps; delivery requires configured email and worker infrastructure.","reviewed","none found","","","pass","","Source audit; rendered locale and state checks."
"orders-detail-5:ar","src/content/landing.json","orders.details.orders-detail-5","ar","orders detail disclosure or source inventory","حفظ عملية الدفع المتروكة واستعادتها برمز مخصص ومتابعة حالة الاستعادة وتوقيت محاولات البريد؛ ويتطلب الإرسال إعداد البريد وعمليات الخلفية.","حفظ عملية الدفع المتروكة واستعادتها برمز مخصص ومتابعة حالة الاستعادة وتوقيت محاولات البريد؛ ويتطلب الإرسال إعداد البريد وعمليات الخلفية.","reviewed","none found","","","pass","","Source audit; rendered locale and state checks."
"orders-detail-6:en","src/content/landing.json","orders.details.orders-detail-6","en","orders detail disclosure or source inventory","Idempotent order placement, payment-attempt/event accounting foundation, stock reservation, release, and consumption.","Idempotent order placement, payment-attempt/event accounting foundation, stock reservation, release, and consumption.","reviewed","none found","","","pass","","Source audit; rendered locale and state checks."
"orders-detail-6:ar","src/content/landing.json","orders.details.orders-detail-6","ar","orders detail disclosure or source inventory","إنشاء الطلب بأمان عند إعادة المحاولة وأساس محاسبي لمحاولات وأحداث الدفع وحجز المخزون وتحريره واستهلاكه.","إنشاء الطلب بأمان عند إعادة المحاولة وأساس محاسبي لمحاولات وأحداث الدفع وحجز المخزون وتحريره واستهلاكه.","reviewed","none found","","","pass","","Source audit; rendered locale and state checks."
"orders-detail-7:en","src/content/landing.json","orders.details.orders-detail-7","en","orders detail disclosure or source inventory","Order and refund CSV export.","Order and refund CSV export.","reviewed","none found","","","pass","","Source audit; rendered locale and state checks."
"orders-detail-7:ar","src/content/landing.json","orders.details.orders-detail-7","ar","orders detail disclosure or source inventory","تصدير الطلبات والاستردادات بصيغة CSV.","تصدير الطلبات والاستردادات بصيغة CSV.","reviewed","none found","","","pass","","Source audit; rendered locale and state checks."
"pos-eyebrow:en","src/content/landing.json","pos.eyebrow","en","pos section","Sell in person","Sell in person","reviewed","none found","","","pass","","Source audit; rendered locale and state checks."
"pos-eyebrow:ar","src/content/landing.json","pos.eyebrow","ar","pos section","البيع داخل المتجر","البيع داخل المتجر","reviewed","none found","","","pass","","Source audit; rendered locale and state checks."
"pos-heading:en","src/content/landing.json","pos.heading","en","pos section","A register built on the same inventory rules.","A register built on the same inventory rules.","reviewed","none found","","","pass","","Source audit; rendered locale and state checks."
"pos-heading:ar","src/content/landing.json","pos.heading","ar","pos section","نقطة بيع تعتمد قواعد المخزون نفسها.","نقطة بيع تعتمد قواعد المخزون نفسها.","reviewed","none found","","","pass","","Source audit; rendered locale and state checks."
"pos-body:en","src/content/landing.json","pos.body","en","pos section","Select the Store, Location, and register; open a shift; search products and variants; record cash, card, transfer, or other tender; calculate change for cash; issue a receipt; and keep the sale and stock movement durable and retry-safe.","Select the Store, Location, and register; open a shift; search products and variants; record cash, card, transfer, or other tender; calculate change for cash; issue a receipt; and keep the sale and stock movement durable and retry-safe.","reviewed","none found","","","pass","","Source audit; rendered locale and state checks."
"pos-body:ar","src/content/landing.json","pos.body","ar","pos section","اختر المتجر والموقع وصندوق البيع، وافتح الوردية، وابحث عن المنتجات وتركيباتها، وسجّل الدفع النقدي أو البطاقة أو التحويل أو طريقة أخرى، واحسب الباقي للنقد، واعرض الإيصال، وامنع تكرار البيع عند إعادة المحاولة.","اختر المتجر والموقع وصندوق البيع، وافتح الوردية، وابحث عن المنتجات وتركيباتها، وسجّل الدفع النقدي أو البطاقة أو التحويل أو طريقة أخرى، واحسب الباقي للنقد، واعرض الإيصال، وامنع تكرار البيع عند إعادة المحاولة.","reviewed","none found","","","pass","","Source audit; rendered locale and state checks."
"pos-premise:en","src/content/landing.json","pos.premise","en","pos section","","","empty-unused","not assessed","","","not assessed","Structural placeholder; the corresponding component renders no content for this field.","Source audit; rendered locale and state checks."
"pos-premise:ar","src/content/landing.json","pos.premise","ar","pos section","","","empty-unused","not assessed","","","not assessed","Structural placeholder; the corresponding component renders no content for this field.","Source audit; rendered locale and state checks."
"pos-detail-1:en","src/content/landing.json","pos.details.pos-detail-1","en","pos detail disclosure or source inventory","Active Store, Location, and register selection.","Active Store, Location, and register selection.","reviewed","none found","","","pass","","Source audit; rendered locale and state checks."
"pos-detail-1:ar","src/content/landing.json","pos.details.pos-detail-1","ar","pos detail disclosure or source inventory","اختيار المتجر النشط والموقع وصندوق البيع.","اختيار المتجر النشط والموقع وصندوق البيع.","reviewed","none found","","","pass","","Source audit; rendered locale and state checks."
"pos-detail-2:en","src/content/landing.json","pos.details.pos-detail-2","en","pos detail disclosure or source inventory","Register lifecycle and shift opening, closing, opening cash, counted cash, variance, and shift history.","Register lifecycle and shift opening, closing, opening cash, counted cash, variance, and shift history.","reviewed","none found","","","pass","","Source audit; rendered locale and state checks."
"pos-detail-2:ar","src/content/landing.json","pos.details.pos-detail-2","ar","pos detail disclosure or source inventory","دورة حياة صندوق البيع وفتح الوردية وإغلاقها والنقدية الافتتاحية والنقدية المعدودة والفرق وسجل الورديات.","دورة حياة صندوق البيع وفتح الوردية وإغلاقها والنقدية الافتتاحية والنقدية المعدودة والفرق وسجل الورديات.","reviewed","none found","","","pass","","Source audit; rendered locale and state checks."
"pos-detail-3:en","src/content/landing.json","pos.details.pos-detail-3","en","pos detail disclosure or source inventory","Product catalog search, browsing, and variant selection.","Product catalog search, browsing, and variant selection.","reviewed","none found","","","pass","","Source audit; rendered locale and state checks."
"pos-detail-3:ar","src/content/landing.json","pos.details.pos-detail-3","ar","pos detail disclosure or source inventory","البحث في كتالوج المنتجات وتصفحه واختيار تركيبة المنتج.","البحث في كتالوج المنتجات وتصفحه واختيار تركيبة المنتج.","reviewed","none found","","","pass","","Source audit; rendered locale and state checks."
"pos-detail-4:en","src/content/landing.json","pos.details.pos-detail-4","en","pos detail disclosure or source inventory","Store-ledger and dependency-aware availability.","Store-ledger and dependency-aware availability.","reviewed","none found","","","pass","","Source audit; rendered locale and state checks."
"pos-detail-4:ar","src/content/landing.json","pos.details.pos-detail-4","ar","pos detail disclosure or source inventory","إتاحة محسوبة من دفتر مخزون المتجر ومكونات المنتج.","إتاحة محسوبة من دفتر مخزون المتجر ومكونات المنتج.","reviewed","none found","","","pass","","Source audit; rendered locale and state checks."
"pos-detail-5:en","src/content/landing.json","pos.details.pos-detail-5","en","pos detail disclosure or source inventory","Cart quantity controls and customer-name capture.","Cart quantity controls and customer-name capture.","reviewed","none found","","","pass","","Source audit; rendered locale and state checks."
"pos-detail-5:ar","src/content/landing.json","pos.details.pos-detail-5","ar","pos detail disclosure or source inventory","التحكم في كميات السلة وتسجيل اسم العميل.","التحكم في كميات السلة وتسجيل اسم العميل.","reviewed","none found","","","pass","","Source audit; rendered locale and state checks."
"pos-detail-6:en","src/content/landing.json","pos.details.pos-detail-6","en","pos detail disclosure or source inventory","Order-level discounts, configured tax, cash/card/transfer/other tender recording, and cash change calculation.","Order-level discounts, configured tax, cash/card/transfer/other tender recording, and cash change calculation.","reviewed","none found","","","pass","","Source audit; rendered locale and state checks."
"pos-detail-6:ar","src/content/landing.json","pos.details.pos-detail-6","ar","pos detail disclosure or source inventory","خصم على مستوى الطلب وضريبة حسب الإعداد وتسجيل الدفع نقداً أو بالبطاقة أو التحويل أو طريقة أخرى وحساب الباقي للنقد.","خصم على مستوى الطلب وضريبة حسب الإعداد وتسجيل الدفع نقداً أو بالبطاقة أو التحويل أو طريقة أخرى وحساب الباقي للنقد.","reviewed","none found","","","pass","","Source audit; rendered locale and state checks."
"pos-detail-7:en","src/content/landing.json","pos.details.pos-detail-7","en","pos detail disclosure or source inventory","Sale creation as one indivisible operation, with safe retry protection against duplicate sales.","Sale creation as one indivisible operation, with safe retry protection against duplicate sales.","reviewed","none found","","","pass","","Source audit; rendered locale and state checks."
"pos-detail-7:ar","src/content/landing.json","pos.details.pos-detail-7","ar","pos detail disclosure or source inventory","إنشاء البيع كعملية واحدة لا تتجزأ مع حماية إعادة المحاولة من تكرار البيع.","إنشاء البيع كعملية واحدة لا تتجزأ مع حماية إعادة المحاولة من تكرار البيع.","reviewed","none found","","","pass","","Source audit; rendered locale and state checks."
"pos-detail-8:en","src/content/landing.json","pos.details.pos-detail-8","en","pos detail disclosure or source inventory","Receipt view and durable searchable sale history.","Receipt view and durable searchable sale history.","reviewed","none found","","","pass","","Source audit; rendered locale and state checks."
"pos-detail-8:ar","src/content/landing.json","pos.details.pos-detail-8","ar","pos detail disclosure or source inventory","عرض الإيصال وسجل بيع ثابت وقابل للبحث.","عرض الإيصال وسجل بيع ثابت وقابل للبحث.","reviewed","none found","","","pass","","Source audit; rendered locale and state checks."
"pos-detail-9:en","src/content/landing.json","pos.details.pos-detail-9","en","pos detail disclosure or source inventory","Stock movements shared with the same inventory lifecycle used by online orders.","Stock movements shared with the same inventory lifecycle used by online orders.","reviewed","none found","","","pass","","Source audit; rendered locale and state checks."
"pos-detail-9:ar","src/content/landing.json","pos.details.pos-detail-9","ar","pos detail disclosure or source inventory","حركات مخزون تستخدم دورة المخزون نفسها الخاصة بالطلبات الإلكترونية.","حركات مخزون تستخدم دورة المخزون نفسها الخاصة بالطلبات الإلكترونية.","reviewed","none found","","","pass","","Source audit; rendered locale and state checks."
"customers-eyebrow:en","src/content/landing.json","customers.eyebrow","en","customers section","Know each Store's customers","Know each Store's customers","reviewed","none found","","","pass","","Source audit; rendered locale and state checks."
"customers-eyebrow:ar","src/content/landing.json","customers.eyebrow","ar","customers section","إدارة عملاء كل متجر","إدارة عملاء كل متجر","reviewed","none found","","","pass","","Source audit; rendered locale and state checks."
"customers-heading:en","src/content/landing.json","customers.heading","en","customers section","Keep customer history separate for every Store.","Keep customer history separate for every Store.","reviewed","none found","","","pass","","Source audit; rendered locale and state checks."
"customers-heading:ar","src/content/landing.json","customers.heading","ar","customers section","سجل عميل مستقل لكل متجر.","سجل عميل مستقل لكل متجر.","reviewed","none found","","","pass","","Source audit; rendered locale and state checks."
"customers-body:en","src/content/landing.json","customers.body","en","customers section","A customer can use one Business-level identity while each Store keeps its own profile, addresses, favorites, consent, loyalty, reviews, and commerce history.","A customer can use one Business-level identity while each Store keeps its own profile, addresses, favorites, consent, loyalty, reviews, and commerce history.","reviewed","none found","","","pass","","Source audit; rendered locale and state checks."
"customers-body:ar","src/content/landing.json","customers.body","ar","customers section","يمكن للعميل استخدام هوية واحدة داخل النشاط التجاري، بينما يحتفظ كل متجر بملفه وعناوينه ومفضلته وموافقاته وولائه ومراجعاته وتاريخه التجاري بشكل مستقل.","يمكن للعميل استخدام هوية واحدة داخل النشاط التجاري، بينما يحتفظ كل متجر بملفه وعناوينه ومفضلته وموافقاته وولائه ومراجعاته وتاريخه التجاري بشكل مستقل.","reviewed","none found","","","pass","","Source audit; rendered locale and state checks."
"customers-premise:en","src/content/landing.json","customers.premise","en","customers section","","","empty-unused","not assessed","","","not assessed","Structural placeholder; the corresponding component renders no content for this field.","Source audit; rendered locale and state checks."
"customers-premise:ar","src/content/landing.json","customers.premise","ar","customers section","","","empty-unused","not assessed","","","not assessed","Structural placeholder; the corresponding component renders no content for this field.","Source audit; rendered locale and state checks."
"customers-detail-1:en","src/content/landing.json","customers.details.customers-detail-1","en","customers detail disclosure or source inventory","Customer search and directory.","Customer search and directory.","reviewed","none found","","","pass","","Source audit; rendered locale and state checks."
"customers-detail-1:ar","src/content/landing.json","customers.details.customers-detail-1","ar","customers detail disclosure or source inventory","دليل العملاء والبحث فيه.","دليل العملاء والبحث فيه.","reviewed","none found","","","pass","","Source audit; rendered locale and state checks."
"customers-detail-2:en","src/content/landing.json","customers.details.customers-detail-2","en","customers detail disclosure or source inventory","Registration, login, logout, email confirmation, forgot password, password reset, recovery, and invitation acceptance.","Registration, login, logout, email confirmation, forgot password, password reset, recovery, and invitation acceptance.","reviewed","none found","","","pass","","Source audit; rendered locale and state checks."
"customers-detail-2:ar","src/content/landing.json","customers.details.customers-detail-2","ar","customers detail disclosure or source inventory","التسجيل وتسجيل الدخول والخروج وتأكيد البريد ونسيان كلمة المرور وإعادة تعيينها والاستعادة وقبول الدعوة.","التسجيل وتسجيل الدخول والخروج وتأكيد البريد ونسيان كلمة المرور وإعادة تعيينها والاستعادة وقبول الدعوة.","reviewed","none found","","","pass","","Source audit; rendered locale and state checks."
"customers-detail-3:en","src/content/landing.json","customers.details.customers-detail-3","en","customers detail disclosure or source inventory","Store-specific profile editing and address create, edit, delete, and default selection.","Store-specific profile editing and address create, edit, delete, and default selection.","reviewed","none found","","","pass","","Source audit; rendered locale and state checks."
"customers-detail-3:ar","src/content/landing.json","customers.details.customers-detail-3","ar","customers detail disclosure or source inventory","تعديل ملف العميل الخاص بالمتجر وإنشاء العناوين وتعديلها وحذفها واختيار العنوان الافتراضي.","تعديل ملف العميل الخاص بالمتجر وإنشاء العناوين وتعديلها وحذفها واختيار العنوان الافتراضي.","reviewed","none found","","","pass","","Source audit; rendered locale and state checks."
"customers-detail-4:en","src/content/landing.json","customers.details.customers-detail-4","en","customers detail disclosure or source inventory","Favorites with guest-to-account merge.","Favorites with guest-to-account merge.","reviewed","none found","","","pass","","Source audit; rendered locale and state checks."
"customers-detail-4:ar","src/content/landing.json","customers.details.customers-detail-4","ar","customers detail disclosure or source inventory","المفضلة مع دمج اختيارات الزائر في الحساب.","المفضلة مع دمج اختيارات الزائر في الحساب.","reviewed","none found","","","pass","","Source audit; rendered locale and state checks."
"customers-detail-5:en","src/content/landing.json","customers.details.customers-detail-5","en","customers detail disclosure or source inventory","Loyalty earning rules, point-value settings, balance, transaction history, and administrative point adjustment.","Loyalty earning rules, point-value settings, balance, transaction history, and administrative point adjustment.","reviewed","none found","","","pass","","Source audit; rendered locale and state checks."
"customers-detail-5:ar","src/content/landing.json","customers.details.customers-detail-5","ar","customers detail disclosure or source inventory","قواعد كسب الولاء وإعداد قيمة النقاط والرصيد وسجل الحركات وتعديل النقاط إدارياً.","قواعد كسب الولاء وإعداد قيمة النقاط والرصيد وسجل الحركات وتعديل النقاط إدارياً.","reviewed","none found","","","pass","","Source audit; rendered locale and state checks."
"customers-detail-6:en","src/content/landing.json","customers.details.customers-detail-6","en","customers detail disclosure or source inventory","Eligible customer review creation, editing, deletion, rating display, and admin moderation.","Eligible customer review creation, editing, deletion, rating display, and admin moderation.","reviewed","none found","","","pass","","Source audit; rendered locale and state checks."
"customers-detail-6:ar","src/content/landing.json","customers.details.customers-detail-6","ar","customers detail disclosure or source inventory","إنشاء العميل المؤهل للمراجعة وتعديلها وحذفها وعرض التقييم وإدارة المراجعات.","إنشاء العميل المؤهل للمراجعة وتعديلها وحذفها وعرض التقييم وإدارة المراجعات.","reviewed","none found","","","pass","","Source audit; rendered locale and state checks."
"customers-detail-7:en","src/content/landing.json","customers.details.customers-detail-7","en","customers detail disclosure or source inventory","Email, WhatsApp, personalization, and browser-push consent controls.","Email, WhatsApp, personalization, and browser-push consent controls.","reviewed","none found","","","pass","","Source audit; rendered locale and state checks."
"customers-detail-7:ar","src/content/landing.json","customers.details.customers-detail-7","ar","customers detail disclosure or source inventory","التحكم في موافقات البريد وواتساب والتخصيص وإشعارات المتصفح.","التحكم في موافقات البريد وواتساب والتخصيص وإشعارات المتصفح.","reviewed","none found","","","pass","","Source audit; rendered locale and state checks."
"customers-detail-8:en","src/content/landing.json","customers.details.customers-detail-8","en","customers detail disclosure or source inventory","Newsletter subscription and subscriber administration.","Newsletter subscription and subscriber administration.","reviewed","none found","","","pass","","Source audit; rendered locale and state checks."
"customers-detail-8:ar","src/content/landing.json","customers.details.customers-detail-8","ar","customers detail disclosure or source inventory","الاشتراك في النشرة البريدية وإدارة المشتركين.","الاشتراك في النشرة البريدية وإدارة المشتركين.","reviewed","none found","","","pass","","Source audit; rendered locale and state checks."
"customers-detail-9:en","src/content/landing.json","customers.details.customers-detail-9","en","customers detail disclosure or source inventory","Store-scoped web push subscription and permission-controlled admin broadcasts when deployment keys are configured.","Store-scoped web push subscription and permission-controlled admin broadcasts when deployment keys are configured.","reviewed","none found","","","pass","","Source audit; rendered locale and state checks."
"customers-detail-9:ar","src/content/landing.json","customers.details.customers-detail-9","ar","customers detail disclosure or source inventory","اشتراك إشعارات الويب الخاص بالمتجر وبث إداري محكوم بالصلاحيات عند إعداد مفاتيح النشر.","اشتراك إشعارات الويب الخاص بالمتجر وبث إداري محكوم بالصلاحيات عند إعداد مفاتيح النشر.","reviewed","none found","","","pass","","Source audit; rendered locale and state checks."
"customers-detail-10:en","src/content/landing.json","customers.details.customers-detail-10","en","customers detail disclosure or source inventory","Admin notification inbox with unread state, filters, mark read, mark all read, and delete.","Admin notification inbox with unread state, filters, mark read, mark all read, and delete.","reviewed","none found","","","pass","","Source audit; rendered locale and state checks."
"customers-detail-10:ar","src/content/landing.json","customers.details.customers-detail-10","ar","customers detail disclosure or source inventory","صندوق إشعارات الإدارة مع حالة غير المقروء والفلاتر وتحديد المقروء وتحديد الكل وحذف الإشعار.","صندوق إشعارات الإدارة مع حالة غير المقروء والفلاتر وتحديد المقروء وتحديد الكل وحذف الإشعار.","reviewed","none found","","","pass","","Source audit; rendered locale and state checks."
"understand-eyebrow:en","src/content/landing.json","understand.eyebrow","en","understand section","Measure Store performance","Measure Store performance","reviewed","none found","","","pass","","Source audit; rendered locale and state checks."
"understand-eyebrow:ar","src/content/landing.json","understand.eyebrow","ar","understand section","قياس أداء المتجر","قياس أداء المتجر","reviewed","none found","","","pass","","Source audit; rendered locale and state checks."
"understand-heading:en","src/content/landing.json","understand.heading","en","understand section","Use stock and sales data to understand the Business.","Use stock and sales data to understand the Business.","reviewed","none found","","","pass","","Source audit; rendered locale and state checks."
"understand-heading:ar","src/content/landing.json","understand.heading","ar","understand section","فهم أداء النشاط من بيانات المخزون والمبيعات.","فهم أداء النشاط من بيانات المخزون والمبيعات.","reviewed","none found","","","pass","","Source audit; rendered locale and state checks."
"understand-body:en","src/content/landing.json","understand.body","en","understand section","Follow Store performance by date range, understand product and customer patterns, and maintain core accounting records without separating commerce from its financial consequences.","Follow Store performance by date range, understand product and customer patterns, and maintain core accounting records without separating commerce from its financial consequences.","reviewed","none found","","","pass","","Source audit; rendered locale and state checks."
"understand-body:ar","src/content/landing.json","understand.body","ar","understand section","تابع أداء المتجر حسب الفترة، وافهم أنماط المنتجات والعملاء، واحتفظ بالسجلات المحاسبية الأساسية دون فصل العمليات التجارية عن نتائجها المالية.","تابع أداء المتجر حسب الفترة، وافهم أنماط المنتجات والعملاء، واحتفظ بالسجلات المحاسبية الأساسية دون فصل العمليات التجارية عن نتائجها المالية.","reviewed","none found","","","pass","","Source audit; rendered locale and state checks."
"understand-premise:en","src/content/landing.json","understand.premise","en","understand section","","","empty-unused","not assessed","","","not assessed","Structural placeholder; the corresponding component renders no content for this field.","Source audit; rendered locale and state checks."
"understand-premise:ar","src/content/landing.json","understand.premise","ar","understand section","","","empty-unused","not assessed","","","not assessed","Structural placeholder; the corresponding component renders no content for this field.","Source audit; rendered locale and state checks."
"understand-detail-1:en","src/content/landing.json","understand.details.understand-detail-1","en","understand detail disclosure or source inventory","Revenue, order count, average order value, and customer acquisition.","Revenue, order count, average order value, and customer acquisition.","reviewed","none found","","","pass","","Source audit; rendered locale and state checks."
"understand-detail-1:ar","src/content/landing.json","understand.details.understand-detail-1","ar","understand detail disclosure or source inventory","الإيراد وعدد الطلبات ومتوسط قيمة الطلب واكتساب العملاء.","الإيراد وعدد الطلبات ومتوسط قيمة الطلب واكتساب العملاء.","reviewed","none found","","","pass","","Source audit; rendered locale and state checks."
"understand-detail-2:en","src/content/landing.json","understand.details.understand-detail-2","en","understand detail disclosure or source inventory","Daily revenue, orders, and customers.","Daily revenue, orders, and customers.","reviewed","none found","","","pass","","Source audit; rendered locale and state checks."
"understand-detail-2:ar","src/content/landing.json","understand.details.understand-detail-2","ar","understand detail disclosure or source inventory","الإيراد والطلبات والعملاء يومياً.","الإيراد والطلبات والعملاء يومياً.","reviewed","none found","","","pass","","Source audit; rendered locale and state checks."
"understand-detail-3:en","src/content/landing.json","understand.details.understand-detail-3","en","understand detail disclosure or source inventory","Revenue by category.","Revenue by category.","reviewed","none found","","","pass","","Source audit; rendered locale and state checks."
"understand-detail-3:ar","src/content/landing.json","understand.details.understand-detail-3","ar","understand detail disclosure or source inventory","الإيراد حسب الفئة.","الإيراد حسب الفئة.","reviewed","none found","","","pass","","Source audit; rendered locale and state checks."
"understand-detail-4:en","src/content/landing.json","understand.details.understand-detail-4","en","understand detail disclosure or source inventory","Top products by revenue and units.","Top products by revenue and units.","reviewed","none found","","","pass","","Source audit; rendered locale and state checks."
"understand-detail-4:ar","src/content/landing.json","understand.details.understand-detail-4","ar","understand detail disclosure or source inventory","أفضل المنتجات حسب الإيراد والوحدات.","أفضل المنتجات حسب الإيراد والوحدات.","reviewed","none found","","","pass","","Source audit; rendered locale and state checks."
"understand-detail-5:en","src/content/landing.json","understand.details.understand-detail-5","en","understand detail disclosure or source inventory","Geographic distribution by Egyptian governorate.","Geographic distribution by Egyptian governorate.","reviewed","none found","","","pass","","Source audit; rendered locale and state checks."
"understand-detail-5:ar","src/content/landing.json","understand.details.understand-detail-5","ar","understand detail disclosure or source inventory","التوزيع الجغرافي حسب المحافظة المصرية.","التوزيع الجغرافي حسب المحافظة المصرية.","reviewed","none found","","","pass","","Source audit; rendered locale and state checks."
"understand-detail-6:en","src/content/landing.json","understand.details.understand-detail-6","en","understand detail disclosure or source inventory","Payment-method split.","Payment-method split.","reviewed","none found","","","pass","","Source audit; rendered locale and state checks."
"understand-detail-6:ar","src/content/landing.json","understand.details.understand-detail-6","ar","understand detail disclosure or source inventory","توزيع المبيعات حسب طريقة الدفع.","توزيع المبيعات حسب طريقة الدفع.","reviewed","none found","","","pass","","Source audit; rendered locale and state checks."
"understand-detail-7:en","src/content/landing.json","understand.details.understand-detail-7","en","understand detail disclosure or source inventory","Coupon usage and discount totals.","Coupon usage and discount totals.","reviewed","none found","","","pass","","Source audit; rendered locale and state checks."
"understand-detail-7:ar","src/content/landing.json","understand.details.understand-detail-7","ar","understand detail disclosure or source inventory","استخدام الكوبونات وإجمالي الخصومات.","استخدام الكوبونات وإجمالي الخصومات.","reviewed","none found","","","pass","","Source audit; rendered locale and state checks."
"understand-detail-8:en","src/content/landing.json","understand.details.understand-detail-8","en","understand detail disclosure or source inventory","Loyalty points issued and redeemed in recorded transactions.","Loyalty points issued and redeemed in recorded transactions.","reviewed","none found","","","pass","","Source audit; rendered locale and state checks."
"understand-detail-8:ar","src/content/landing.json","understand.details.understand-detail-8","ar","understand detail disclosure or source inventory","نقاط الولاء الممنوحة والمستخدمة في الحركات المسجلة.","نقاط الولاء الممنوحة والمستخدمة في الحركات المسجلة.","reviewed","none found","","","pass","","Source audit; rendered locale and state checks."
"understand-detail-9:en","src/content/landing.json","understand.details.understand-detail-9","en","understand detail disclosure or source inventory","Rating distribution.","Rating distribution.","reviewed","none found","","","pass","","Source audit; rendered locale and state checks."
"understand-detail-9:ar","src/content/landing.json","understand.details.understand-detail-9","ar","understand detail disclosure or source inventory","توزيع التقييمات.","توزيع التقييمات.","reviewed","none found","","","pass","","Source audit; rendered locale and state checks."
"understand-detail-10:en","src/content/landing.json","understand.details.understand-detail-10","en","understand detail disclosure or source inventory","Refund totals and daily refund activity.","Refund totals and daily refund activity.","reviewed","none found","","","pass","","Source audit; rendered locale and state checks."
"understand-detail-10:ar","src/content/landing.json","understand.details.understand-detail-10","ar","understand detail disclosure or source inventory","إجمالي الاستردادات وحركتها اليومية.","إجمالي الاستردادات وحركتها اليومية.","reviewed","none found","","","pass","","Source audit; rendered locale and state checks."
"understand-detail-11:en","src/content/landing.json","understand.details.understand-detail-11","en","understand detail disclosure or source inventory","Finance overview.","Finance overview.","reviewed","none found","","","pass","","Source audit; rendered locale and state checks."
"understand-detail-11:ar","src/content/landing.json","understand.details.understand-detail-11","ar","understand detail disclosure or source inventory","نظرة عامة على المالية.","نظرة عامة على المالية.","reviewed","none found","","","pass","","Source audit; rendered locale and state checks."
"understand-detail-12:en","src/content/landing.json","understand.details.understand-detail-12","en","understand detail disclosure or source inventory","Date-ranged income statement.","Date-ranged income statement.","reviewed","none found","","","pass","","Source audit; rendered locale and state checks."
"understand-detail-12:ar","src/content/landing.json","understand.details.understand-detail-12","ar","understand detail disclosure or source inventory","قائمة دخل حسب الفترة الزمنية.","قائمة دخل حسب الفترة الزمنية.","reviewed","none found","","","pass","","Source audit; rendered locale and state checks."
"understand-detail-13:en","src/content/landing.json","understand.details.understand-detail-13","en","understand detail disclosure or source inventory","Balance sheet.","Balance sheet.","reviewed","none found","","","pass","","Source audit; rendered locale and state checks."
"understand-detail-13:ar","src/content/landing.json","understand.details.understand-detail-13","ar","understand detail disclosure or source inventory","الميزانية.","الميزانية.","reviewed","none found","","","pass","","Source audit; rendered locale and state checks."
"understand-detail-14:en","src/content/landing.json","understand.details.understand-detail-14","en","understand detail disclosure or source inventory","Expense list and creation.","Expense list and creation.","reviewed","none found","","","pass","","Source audit; rendered locale and state checks."
"understand-detail-14:ar","src/content/landing.json","understand.details.understand-detail-14","ar","understand detail disclosure or source inventory","عرض المصروفات وإنشاؤها.","عرض المصروفات وإنشاؤها.","reviewed","none found","","","pass","","Source audit; rendered locale and state checks."
"understand-detail-15:en","src/content/landing.json","understand.details.understand-detail-15","en","understand detail disclosure or source inventory","Asset register and editing.","Asset register and editing.","reviewed","none found","","","pass","","Source audit; rendered locale and state checks."
"understand-detail-15:ar","src/content/landing.json","understand.details.understand-detail-15","ar","understand detail disclosure or source inventory","سجل الأصول وتعديلها.","سجل الأصول وتعديلها.","reviewed","none found","","","pass","","Source audit; rendered locale and state checks."
"understand-detail-16:en","src/content/landing.json","understand.details.understand-detail-16","en","understand detail disclosure or source inventory","Chart of accounts.","Chart of accounts.","reviewed","none found","","","pass","","Source audit; rendered locale and state checks."
"understand-detail-16:ar","src/content/landing.json","understand.details.understand-detail-16","ar","understand detail disclosure or source inventory","دليل الحسابات.","دليل الحسابات.","reviewed","none found","","","pass","","Source audit; rendered locale and state checks."
"understand-detail-17:en","src/content/landing.json","understand.details.understand-detail-17","en","understand detail disclosure or source inventory","Balanced double-entry journal foundation.","Balanced double-entry journal foundation.","reviewed","none found","","","pass","","Source audit; rendered locale and state checks."
"understand-detail-17:ar","src/content/landing.json","understand.details.understand-detail-17","ar","understand detail disclosure or source inventory","أساس قيود يومية متوازنة بالقيد المزدوج.","أساس قيود يومية متوازنة بالقيد المزدوج.","reviewed","none found","","","pass","","Source audit; rendered locale and state checks."
"understand-detail-18:en","src/content/landing.json","understand.details.understand-detail-18","en","understand detail disclosure or source inventory","Configurable inventory accounting and automated records for supported sales, cost, refund, receipt, and expense flows.","Configurable inventory accounting and automated records for supported sales, cost, refund, receipt, and expense flows.","reviewed","none found","","","pass","","Source audit; rendered locale and state checks."
"understand-detail-18:ar","src/content/landing.json","understand.details.understand-detail-18","ar","understand detail disclosure or source inventory","محاسبة مخزون قابلة للإعداد وسجلات تلقائية لعمليات البيع والتكلفة والاسترداد والاستلام والمصروفات المدعومة.","محاسبة مخزون قابلة للإعداد وسجلات تلقائية لعمليات البيع والتكلفة والاسترداد والاستلام والمصروفات المدعومة.","reviewed","none found","","","pass","","Source audit; rendered locale and state checks."
"identity-eyebrow:en","src/content/landing.json","identity.eyebrow","en","identity section","Each Store keeps its identity","Each Store keeps its identity","reviewed","none found","","","pass","","Source audit; rendered locale and state checks."
"identity-eyebrow:ar","src/content/landing.json","identity.eyebrow","ar","identity section","لكل متجر هويته الخاصة","لكل متجر هويته الخاصة","reviewed","none found","","","pass","","Source audit; rendered locale and state checks."
"identity-heading:en","src/content/landing.json","identity.heading","en","identity section","Set each Store's identity, language, selling rules, and search presence.","Set each Store's identity, language, selling rules, and search presence.","reviewed","none found","","","pass","","Source audit; rendered locale and state checks."
"identity-heading:ar","src/content/landing.json","identity.heading","ar","identity section","تحديد هوية كل متجر ولغته وقواعد البيع وظهوره في البحث.","حدّد هوية كل متجر ولغته وقواعد البيع وظهوره في البحث.","reviewed","found","Fragmented noun phrase in an action heading.","Use a direct imperative that names the store setup action.","pass","","Source audit; rendered locale and state checks."
"identity-body:en","src/content/landing.json","identity.body","en","identity section","Jizrak supplies the operating structure while each Store controls its localized identity, content, commerce rules, and public presentation.","Jizrak supplies the operating structure while each Store controls its localized identity, content, commerce rules, and public presentation.","reviewed","none found","","","pass","","Source audit; rendered locale and state checks."
"identity-body:ar","src/content/landing.json","identity.body","ar","identity section","يوفّر جِذرك هيكل التشغيل، بينما يتحكم كل متجر في هويته ومحتواه وقواعده التجارية وظهوره العام بكل لغة.","يوفّر جِذرك هيكل التشغيل، بينما يتحكم كل متجر في هويته ومحتواه وقواعده التجارية وظهوره العام بكل لغة.","reviewed","none found","","","pass","","Source audit; rendered locale and state checks."
"identity-premise:en","src/content/landing.json","identity.premise","en","identity section","","","empty-unused","not assessed","","","not assessed","Structural placeholder; the corresponding component renders no content for this field.","Source audit; rendered locale and state checks."
"identity-premise:ar","src/content/landing.json","identity.premise","ar","identity section","","","empty-unused","not assessed","","","not assessed","Structural placeholder; the corresponding component renders no content for this field.","Source audit; rendered locale and state checks."
"identity-detail-1:en","src/content/landing.json","identity.details.identity-detail-1","en","identity detail disclosure or source inventory","Localized Store name, logo, colors, typography, radius, imagery, metadata, and content.","Localized Store name, logo, colors, typography, radius, imagery, metadata, and content.","reviewed","none found","","","pass","","Source audit; rendered locale and state checks."
"identity-detail-1:ar","src/content/landing.json","identity.details.identity-detail-1","ar","identity detail disclosure or source inventory","اسم المتجر المحلي وشعاره وألوانه وخطوطه واستدارة عناصره وصوره وبياناته الوصفية ومحتواه.","اسم المتجر المحلي وشعاره وألوانه وخطوطه واستدارة عناصره وصوره وبياناته الوصفية ومحتواه.","reviewed","none found","","","pass","","Source audit; rendered locale and state checks."
"identity-detail-2:en","src/content/landing.json","identity.details.identity-detail-2","en","identity detail disclosure or source inventory","Validated appearance themes with light/dark preview and theme import/export.","Validated appearance themes with light/dark preview and theme import/export.","reviewed","none found","","","pass","","Source audit; rendered locale and state checks."
"identity-detail-2:ar","src/content/landing.json","identity.details.identity-detail-2","ar","identity detail disclosure or source inventory","سمات مظهر خاضعة للتحقق مع معاينة فاتحة وداكنة واستيراد السمة وتصديرها.","سمات مظهر خاضعة للتحقق مع معاينة فاتحة وداكنة واستيراد السمة وتصديرها.","reviewed","none found","","","pass","","Source audit; rendered locale and state checks."
"identity-detail-3:en","src/content/landing.json","identity.details.identity-detail-3","en","identity detail disclosure or source inventory","Bilingual hero banners and announcement ticker.","Bilingual hero banners and announcement ticker.","reviewed","none found","","","pass","","Source audit; rendered locale and state checks."
"identity-detail-3:ar","src/content/landing.json","identity.details.identity-detail-3","ar","identity detail disclosure or source inventory","بانرات رئيسية وشريط إعلانات بالعربية والإنجليزية.","بانرات رئيسية وشريط إعلانات بالعربية والإنجليزية.","reviewed","none found","","","pass","","Source audit; rendered locale and state checks."
"identity-detail-4:en","src/content/landing.json","identity.details.identity-detail-4","en","identity detail disclosure or source inventory","Built-in and custom Storefront navigation with order and enablement controls.","Built-in and custom Storefront navigation with order and enablement controls.","reviewed","none found","","","pass","","Source audit; rendered locale and state checks."
"identity-detail-4:ar","src/content/landing.json","identity.details.identity-detail-4","ar","identity detail disclosure or source inventory","تنقل جاهز أو مخصص لواجهة المتجر مع التحكم في الترتيب والتفعيل.","تنقل جاهز أو مخصص لواجهة المتجر مع التحكم في الترتيب والتفعيل.","reviewed","none found","","","pass","","Source audit; rendered locale and state checks."
"identity-detail-5:en","src/content/landing.json","identity.details.identity-detail-5","en","identity detail disclosure or source inventory","Store contact details, primary currency, COD, tax, fallback shipping, low-stock threshold, and inventory-accounting mode.","Store contact details, primary currency, COD, tax, fallback shipping, low-stock threshold, and inventory-accounting mode.","reviewed","none found","","","pass","","Source audit; rendered locale and state checks."
"identity-detail-5:ar","src/content/landing.json","identity.details.identity-detail-5","ar","identity detail disclosure or source inventory","بيانات اتصال المتجر وعملته الأساسية والدفع عند الاستلام والضريبة والشحن الاحتياطي وحد نقص المخزون ووضع محاسبة المخزون.","بيانات اتصال المتجر وعملته الأساسية والدفع عند الاستلام والضريبة والشحن الاحتياطي وحد نقص المخزون ووضع محاسبة المخزون.","reviewed","none found","","","pass","","Source audit; rendered locale and state checks."
"identity-detail-6:en","src/content/landing.json","identity.details.identity-detail-6","en","identity detail disclosure or source inventory","Product-card style, layout, grid columns, ratings display, and out-of-stock hide or gray behavior.","Product-card style, layout, grid columns, ratings display, and out-of-stock hide or gray behavior.","reviewed","none found","","","pass","","Source audit; rendered locale and state checks."
"identity-detail-6:ar","src/content/landing.json","identity.details.identity-detail-6","ar","identity detail disclosure or source inventory","نمط بطاقة المنتج والتخطيط وأعمدة الشبكة وعرض التقييمات وإخفاء المنتج النافد أو عرضه بالرمادي.","نمط بطاقة المنتج والتخطيط وأعمدة الشبكة وعرض التقييمات وإخفاء المنتج النافد أو عرضه بالرمادي.","reviewed","none found","","","pass","","Source audit; rendered locale and state checks."
"identity-detail-7:en","src/content/landing.json","identity.details.identity-detail-7","en","identity detail disclosure or source inventory","Loyalty earning and point-value rules, plus social links.","Loyalty earning and point-value rules, plus social links.","reviewed","none found","","","pass","","Source audit; rendered locale and state checks."
"identity-detail-7:ar","src/content/landing.json","identity.details.identity-detail-7","ar","identity detail disclosure or source inventory","قواعد كسب نقاط الولاء وقيمتها والروابط الاجتماعية.","قواعد كسب نقاط الولاء وقيمتها والروابط الاجتماعية.","reviewed","none found","","","pass","","Source audit; rendered locale and state checks."
"identity-detail-8:en","src/content/landing.json","identity.details.identity-detail-8","en","identity detail disclosure or source inventory","Bilingual SEO defaults, per-product and per-bundle metadata, Open Graph imagery, sitemap, and robots behavior.","Bilingual SEO defaults, per-product and per-bundle metadata, Open Graph imagery, sitemap, and robots behavior.","reviewed","none found","","","pass","","Source audit; rendered locale and state checks."
"identity-detail-8:ar","src/content/landing.json","identity.details.identity-detail-8","ar","identity detail disclosure or source inventory","إعدادات تهيئة محركات البحث بالعربية والإنجليزية وبيانات كل منتج وباقة وصور المشاركة وخريطة الموقع وسلوك محركات البحث.","إعدادات تهيئة محركات البحث بالعربية والإنجليزية وبيانات كل منتج وباقة وصور المشاركة وخريطة الموقع وسلوك محركات البحث.","reviewed","none found","","","pass","","Source audit; rendered locale and state checks."
"identity-detail-9:en","src/content/landing.json","identity.details.identity-detail-9","en","identity detail disclosure or source inventory","Governorate-based shipping rules, rates, priority, free-shipping thresholds, and CSV operations.","Governorate-based shipping rules, rates, priority, free-shipping thresholds, and CSV operations.","reviewed","none found","","","pass","","Source audit; rendered locale and state checks."
"identity-detail-9:ar","src/content/landing.json","identity.details.identity-detail-9","ar","identity detail disclosure or source inventory","قواعد شحن حسب المحافظة وأسعارها وأولويتها وحد الشحن المجاني وعمليات CSV.","قواعد شحن حسب المحافظة وأسعارها وأولويتها وحد الشحن المجاني وعمليات CSV.","reviewed","none found","","","pass","","Source audit; rendered locale and state checks."
"identity-detail-10:en","src/content/landing.json","identity.details.identity-detail-10","en","identity detail disclosure or source inventory","Configurable product-page widgets.","Configurable product-page widgets.","reviewed","none found","","","pass","","Source audit; rendered locale and state checks."
"identity-detail-10:ar","src/content/landing.json","identity.details.identity-detail-10","ar","identity detail disclosure or source inventory","مكونات قابلة للإعداد داخل صفحة المنتج.","مكونات قابلة للإعداد داخل صفحة المنتج.","reviewed","none found","","","pass","","Source audit; rendered locale and state checks."
"identity-detail-11:en","src/content/landing.json","identity.details.identity-detail-11","en","identity detail disclosure or source inventory","Installable Store PWA with cached Storefront assets and browser push support when configured.","Installable Store PWA with cached Storefront assets and browser push support when configured.","reviewed","none found","","","pass","","Source audit; rendered locale and state checks."
"identity-detail-11:ar","src/content/landing.json","identity.details.identity-detail-11","ar","identity detail disclosure or source inventory","تطبيق متجر قابل للتثبيت مع تخزين أصول الواجهة ودعم إشعارات المتصفح عند إعدادها.","تطبيق متجر قابل للتثبيت مع تخزين أصول الواجهة ودعم إشعارات المتصفح عند إعدادها.","reviewed","none found","","","pass","","Source audit; rendered locale and state checks."
"identity-detail-12:en","src/content/landing.json","identity.details.identity-detail-12","en","identity detail disclosure or source inventory","Store-aware managed handles, custom-domain registry, canonical host behavior, and fail-closed Store resolution.","Store-aware managed handles, custom-domain registry, canonical host behavior, and fail-closed Store resolution.","reviewed","none found","","","pass","","Source audit; rendered locale and state checks."
"identity-detail-12:ar","src/content/landing.json","identity.details.identity-detail-12","ar","identity detail disclosure or source inventory","عناوين مُدارة تراعي المتجر وسجل للنطاقات المخصصة وسلوك العنوان الأساسي وحل هوية المتجر بشكل يرفض الحالات غير الموثوقة.","عناوين مُدارة تراعي المتجر وسجل للنطاقات المخصصة وسلوك العنوان الأساسي وحل هوية المتجر بشكل يرفض الحالات غير الموثوقة.","reviewed","none found","","","pass","","Source audit; rendered locale and state checks."
"operate-eyebrow:en","src/content/landing.json","operate.eyebrow","en","operate section","Clear access and Store boundaries","Clear access and Store boundaries","reviewed","none found","","","pass","","Source audit; rendered locale and state checks."
"operate-eyebrow:ar","src/content/landing.json","operate.eyebrow","ar","operate section","صلاحيات واضحة وحدود محددة للمتجر","صلاحيات واضحة وحدود محددة للمتجر","reviewed","none found","","","pass","","Source audit; rendered locale and state checks."
"operate-heading:en","src/content/landing.json","operate.heading","en","operate section","Give people the access they need while keeping Store boundaries clear.","Give people the access they need while keeping Store boundaries clear.","reviewed","none found","","","pass","","Source audit; rendered locale and state checks."
"operate-heading:ar","src/content/landing.json","operate.heading","ar","operate section","الصلاحيات اللازمة للمستخدمين مع حدود واضحة لكل متجر.","امنح المستخدمين الصلاحيات اللازمة مع حدود واضحة لكل متجر.","reviewed","found","Verbless fragment hides the action the operator can take.","Use a direct action verb for granting permissions.","pass","","Source audit; rendered locale and state checks."
"operate-body:en","src/content/landing.json","operate.body","en","operate section","Business ownership, Store-specific grants, controlled stock movements, auditable events, private media, and restricted platform recovery infrastructure create a safer operating foundation without turning the landing page into a certification claim.","Business ownership, Store-specific grants, controlled stock movements, auditable events, private media, and restricted platform recovery infrastructure create a safer operating foundation without turning the landing page into a certification claim.","reviewed","none found","","","pass","","Source audit; rendered locale and state checks."
"operate-body:ar","src/content/landing.json","operate.body","ar","operate section","توفّر ملكية النشاط وصلاحيات كل متجر وحركات المخزون المنضبطة والأحداث القابلة للمراجعة والوسائط الخاصة وبنية استعادة المنصة المقيّدة أساساً أكثر أماناً، دون تقديم ادعاءات اعتماد غير مثبتة.","تحدد ملكية النشاط وصلاحيات كل متجر وحركات المخزون المنضبطة والأحداث القابلة للمراجعة والوسائط الخاصة وبنية استعادة المنصة المقيّدة حدود التشغيل بوضوح، من دون الادعاء بأن المنتج حاصل على اعتماد.","reviewed","found","Unsupported superlative: “أساساً أكثر أماناً” makes a broad safety comparison without evidence.","State the operating boundaries and keep the certification disclaimer.","pass","","Source audit; rendered locale and state checks."
"operate-premise:en","src/content/landing.json","operate.premise","en","operate section","","","empty-unused","not assessed","","","not assessed","Structural placeholder; the corresponding component renders no content for this field.","Source audit; rendered locale and state checks."
"operate-premise:ar","src/content/landing.json","operate.premise","ar","operate section","","","empty-unused","not assessed","","","not assessed","Structural placeholder; the corresponding component renders no content for this field.","Source audit; rendered locale and state checks."
"operate-detail-1:en","src/content/landing.json","operate.details.operate-detail-1","en","operate detail disclosure or source inventory","Permission-filtered Store admin navigation and product/order command search.","Permission-filtered Store admin navigation and product/order command search.","reviewed","none found","","","pass","","Source audit; rendered locale and state checks."
"operate-detail-1:ar","src/content/landing.json","operate.details.operate-detail-1","ar","operate detail disclosure or source inventory","تنقل إدارة المتجر حسب الصلاحيات وبحث سريع في أوامر المنتجات والطلبات.","تنقل إدارة المتجر حسب الصلاحيات وبحث سريع في أوامر المنتجات والطلبات.","reviewed","none found","","","pass","","Source audit; rendered locale and state checks."
"operate-detail-2:en","src/content/landing.json","operate.details.operate-detail-2","en","operate detail disclosure or source inventory","Business Owner authority and Store-specific predefined or custom staff roles.","Business Owner authority and Store-specific predefined or custom staff roles.","reviewed","none found","","","pass","","Source audit; rendered locale and state checks."
"operate-detail-2:ar","src/content/landing.json","operate.details.operate-detail-2","ar","operate detail disclosure or source inventory","صلاحيات مالك النشاط وأدوار موظفين جاهزة أو مخصصة لكل متجر.","صلاحيات مالك النشاط وأدوار موظفين جاهزة أو مخصصة لكل متجر.","reviewed","none found","","","pass","","Source audit; rendered locale and state checks."
"operate-detail-3:en","src/content/landing.json","operate.details.operate-detail-3","en","operate detail disclosure or source inventory","Staff lookup, hashed expiring invitations, grant editing, suspension, revocation, and mid-session access-revocation handling.","Staff lookup, hashed expiring invitations, grant editing, suspension, revocation, and mid-session access-revocation handling.","reviewed","none found","","","pass","","Source audit; rendered locale and state checks."
"operate-detail-3:ar","src/content/landing.json","operate.details.operate-detail-3","ar","operate detail disclosure or source inventory","البحث عن الموظفين ودعوات مشفّرة محددة المدة وتعديل الصلاحية وتعليقها وإلغاؤها والتعامل مع سحب الوصول أثناء الجلسة.","البحث عن الموظفين ودعوات مشفّرة محددة المدة وتعديل الصلاحية وتعليقها وإلغاؤها والتعامل مع سحب الوصول أثناء الجلسة.","reviewed","none found","","","pass","","Source audit; rendered locale and state checks."
"operate-detail-4:en","src/content/landing.json","operate.details.operate-detail-4","en","operate detail disclosure or source inventory","Safe Store entry and Store switching without carrying another Store's cart, draft, filter, deep route, or mutation state.","Safe Store entry and Store switching without carrying another Store's cart, draft, filter, deep route, or mutation state.","reviewed","none found","","","pass","","Source audit; rendered locale and state checks."
"operate-detail-4:ar","src/content/landing.json","operate.details.operate-detail-4","ar","operate detail disclosure or source inventory","دخول وتبديل آمن للمتجر دون نقل سلة أو مسودة أو فلتر أو صفحة داخلية أو عملية تعديل من متجر آخر.","دخول وتبديل آمن للمتجر دون نقل سلة أو مسودة أو فلتر أو صفحة داخلية أو عملية تعديل من متجر آخر.","reviewed","none found","","","pass","","Source audit; rendered locale and state checks."
"operate-detail-5:en","src/content/landing.json","operate.details.operate-detail-5","en","operate detail disclosure or source inventory","Business workspace subscription state, trial end, Store capacity, and billing-recovery guidance.","Business workspace subscription state, trial end, Store capacity, and billing-recovery guidance.","reviewed","none found","","","pass","","Source audit; rendered locale and state checks."
"operate-detail-5:ar","src/content/landing.json","operate.details.operate-detail-5","ar","operate detail disclosure or source inventory","حالة الاشتراك في مساحة النشاط ونهاية الفترة التجريبية وسعة المتاجر وإرشادات استعادة الفوترة.","حالة الاشتراك في مساحة النشاط ونهاية الفترة التجريبية وسعة المتاجر وإرشادات استعادة الفوترة.","reviewed","none found","","","pass","","Source audit; rendered locale and state checks."
"operate-detail-6:en","src/content/landing.json","operate.details.operate-detail-6","en","operate detail disclosure or source inventory","Store-aware host resolution that fails closed for unknown, ambiguous, inactive, or untrusted hosts.","Store-aware host resolution that fails closed for unknown, ambiguous, inactive, or untrusted hosts.","reviewed","none found","","","pass","","Source audit; rendered locale and state checks."
"operate-detail-6:ar","src/content/landing.json","operate.details.operate-detail-6","ar","operate detail disclosure or source inventory","حل عنوان الموقع حسب المتجر مع رفض العناوين المجهولة أو الملتبسة أو غير النشطة أو غير الموثوقة.","حل عنوان الموقع حسب المتجر مع رفض العناوين المجهولة أو الملتبسة أو غير النشطة أو غير الموثوقة.","reviewed","none found","","","pass","","Source audit; rendered locale and state checks."
"operate-detail-7:en","src/content/landing.json","operate.details.operate-detail-7","en","operate detail disclosure or source inventory","Store-partitioned cart and checkout persistence.","Store-partitioned cart and checkout persistence.","reviewed","none found","","","pass","","Source audit; rendered locale and state checks."
"operate-detail-7:ar","src/content/landing.json","operate.details.operate-detail-7","ar","operate detail disclosure or source inventory","حفظ السلة والدفع في مساحة منفصلة لكل متجر.","حفظ السلة والدفع في مساحة منفصلة لكل متجر.","reviewed","none found","","","pass","","Source audit; rendered locale and state checks."
"operate-detail-8:en","src/content/landing.json","operate.details.operate-detail-8","en","operate detail disclosure or source inventory","Store-scoped database policy foundation, transaction-bound context, and immutable operational history where required.","Store-scoped database policy foundation, transaction-bound context, and immutable operational history where required.","reviewed","none found","","","pass","","Source audit; rendered locale and state checks."
"operate-detail-8:ar","src/content/landing.json","operate.details.operate-detail-8","ar","operate detail disclosure or source inventory","أساس سياسات بيانات خاص بكل متجر وسياق مرتبط بالمعاملة وسجل تشغيل غير قابل للتعديل عند الحاجة.","أساس سياسات بيانات خاص بكل متجر وسياق مرتبط بالمعاملة وسجل تشغيل غير قابل للتعديل عند الحاجة.","reviewed","none found","","","pass","","Source audit; rendered locale and state checks."
"operate-detail-9:en","src/content/landing.json","operate.details.operate-detail-9","en","operate detail disclosure or source inventory","Private Store media with signed access.","Private Store media with signed access.","reviewed","none found","","","pass","","Source audit; rendered locale and state checks."
"operate-detail-9:ar","src/content/landing.json","operate.details.operate-detail-9","ar","operate detail disclosure or source inventory","وسائط خاصة بالمتجر بوصول موقّع.","وسائط خاصة بالمتجر بوصول موقّع.","reviewed","none found","","","pass","","Source audit; rendered locale and state checks."
"operate-detail-10:en","src/content/landing.json","operate.details.operate-detail-10","en","operate detail disclosure or source inventory","Restricted Platform Super Admin recovery infrastructure with encrypted, checksummed artifacts; it is not a merchant Store-admin backup feature and may be disabled by deployment configuration.","Restricted Platform Super Admin recovery infrastructure with encrypted, checksummed artifacts; it is not a merchant Store-admin backup feature and may be disabled by deployment configuration.","reviewed","none found","","","pass","","Source audit; rendered locale and state checks."
"operate-detail-10:ar","src/content/landing.json","operate.details.operate-detail-10","ar","operate detail disclosure or source inventory","بنية استعادة مقيّدة لمسؤول المنصة بملفات مشفّرة ومزوّدة بفحص سلامة؛ وليست ميزة نسخ احتياطي لمسؤول المتجر وقد تكون معطلة حسب إعداد النشر.","بنية استعادة مقيّدة لمسؤول المنصة بملفات مشفّرة ومزوّدة بفحص سلامة؛ وليست ميزة نسخ احتياطي لمسؤول المتجر وقد تكون معطلة حسب إعداد النشر.","reviewed","none found","","","pass","","Source audit; rendered locale and state checks."
"operate-detail-11:en","src/content/landing.json","operate.details.operate-detail-11","en","operate detail disclosure or source inventory","Platform operations overview, Business health and alerts, subscription-state controls, Store lifecycle overrides, archive/restore workflow, domain-state controls, and audited time-limited support access.","Platform operations overview, Business health and alerts, subscription-state controls, Store lifecycle overrides, archive/restore workflow, domain-state controls, and audited time-limited support access.","reviewed","none found","","","pass","","Source audit; rendered locale and state checks."
"operate-detail-11:ar","src/content/landing.json","operate.details.operate-detail-11","ar","operate detail disclosure or source inventory","نظرة عامة لعمليات المنصة وصحة الأنشطة وتنبيهاتها والتحكم في حالة الاشتراك ودورة حياة المتجر والأرشفة والاستعادة وحالة النطاق ووصول دعم مؤقت وخاضع للمراجعة.","نظرة عامة لعمليات المنصة وصحة الأنشطة وتنبيهاتها والتحكم في حالة الاشتراك ودورة حياة المتجر والأرشفة والاستعادة وحالة النطاق ووصول دعم مؤقت وخاضع للمراجعة.","reviewed","none found","","","pass","","Source audit; rendered locale and state checks."
"features-eyebrow:en","src/content/landing.json","features.eyebrow","en","features section","What Jizrak covers","What Jizrak covers","reviewed","none found","","","pass","","Source audit; rendered locale and state checks."
"features-eyebrow:ar","src/content/landing.json","features.eyebrow","ar","features section","ما تغطيه جِذرك","ما تغطيه جِذرك","reviewed","none found","","","pass","","Source audit; rendered locale and state checks."
"features-heading:en","src/content/landing.json","features.heading","en","features section","Commerce operations in one place.","Commerce operations in one place.","reviewed","none found","","","pass","","Source audit; rendered locale and state checks."
"features-heading:ar","src/content/landing.json","features.heading","ar","features section","عمليات التجارة في مكان واحد.","عمليات التجارة في مكان واحد.","reviewed","none found","","","pass","","Source audit; rendered locale and state checks."
"features-introduction:en","src/content/landing.json","features.body","en","features section","Open a group to see the workflows it covers. This list shows the product's scope; it does not replace a product walkthrough.","Open a group to see the workflows it covers. This list shows the product's scope; it does not replace a product walkthrough.","reviewed","none found","","","pass","","Source audit; rendered locale and state checks."
"features-introduction:ar","src/content/landing.json","features.body","ar","features section","افتح أي مجموعة للاطلاع على سير العمل الذي تغطيه. توضح هذه القائمة نطاق المنتج، ولا تغني عن استعراضه.","افتح أي مجموعة للاطلاع على سير العمل الذي تغطيه. توضح هذه القائمة نطاق المنتج، ولا تغني عن استعراضه.","reviewed","none found","","","pass","","Source audit; rendered locale and state checks."
"features-premise:en","src/content/landing.json","features.premise","en","features section","","","empty-unused","not assessed","","","not assessed","Structural placeholder; the corresponding component renders no content for this field.","Source audit; rendered locale and state checks."
"features-premise:ar","src/content/landing.json","features.premise","ar","features section","","","empty-unused","not assessed","","","not assessed","Structural placeholder; the corresponding component renders no content for this field.","Source audit; rendered locale and state checks."
"features-detail-1:en","src/content/landing.json","features.details.features-detail-1","en","features detail disclosure or source inventory","Business and Stores / النشاط والمتاجر","Business and Stores / النشاط والمتاجر","reviewed","none found","","","pass","","Source audit; rendered locale and state checks."
"features-detail-1:ar","src/content/landing.json","features.details.features-detail-1","ar","features detail disclosure or source inventory","اكتشاف الأنشطة والبحث فيها؛ إنشاء النشاط؛ مساحة العمل؛ حالة الاشتراك والفترة التجريبية؛ سعة المتاجر وإرشادات استعادة الفوترة؛ البحث عن المتاجر وإنشاؤها؛ عناوين مُدارة؛ أسماء محلية؛ قائمة جاهزية الإطلاق؛ النشر؛ عدة متاجر مستقلة؛ تبديل المتجر النشط؛ مواقع مشتركة بدفاتر منفصلة.","اكتشاف الأنشطة والبحث فيها؛ إنشاء النشاط؛ مساحة العمل؛ حالة الاشتراك والفترة التجريبية؛ سعة المتاجر وإرشادات استعادة الفوترة؛ البحث عن المتاجر وإنشاؤها؛ عناوين مُدارة؛ أسماء محلية؛ قائمة جاهزية الإطلاق؛ النشر؛ عدة متاجر مستقلة؛ تبديل المتجر النشط؛ مواقع مشتركة بدفاتر منفصلة.","reviewed","none found","","","pass","","Source audit; rendered locale and state checks."
"features-detail-2:en","src/content/landing.json","features.details.features-detail-2","en","features detail disclosure or source inventory","Team and access / الفريق والصلاحيات","Team and access / الفريق والصلاحيات","reviewed","none found","","","pass","","Source audit; rendered locale and state checks."
"features-detail-2:ar","src/content/landing.json","features.details.features-detail-2","ar","features detail disclosure or source inventory","وصول المالك لكل المتاجر؛ صلاحيات خاصة بكل متجر؛ أدوار جاهزة ومخصصة؛ تنقل حسب الصلاحية؛ البحث عن الموظفين؛ الدعوة؛ التعديل؛ الإيقاف؛ الإلغاء؛ التعامل مع فقدان الوصول.","وصول المالك لكل المتاجر؛ صلاحيات خاصة بكل متجر؛ أدوار جاهزة ومخصصة؛ تنقل حسب الصلاحية؛ البحث عن الموظفين؛ الدعوة؛ التعديل؛ الإيقاف؛ الإلغاء؛ التعامل مع فقدان الوصول.","reviewed","none found","","","pass","","Source audit; rendered locale and state checks."
"features-detail-3:en","src/content/landing.json","features.details.features-detail-3","en","features detail disclosure or source inventory","Catalog / الكتالوج","Catalog / الكتالوج","reviewed","none found","","","pass","","Source audit; rendered locale and state checks."
"features-detail-3:ar","src/content/landing.json","features.details.features-detail-3","ar","features detail disclosure or source inventory","المنتجات؛ محتوى ثنائي اللغة؛ الحالات؛ الصور؛ فئات متدرجة؛ خيارات قابلة لإعادة الاستخدام؛ قيم الخيارات؛ عينات ألوان أو خيارات مرئية؛ توليد التركيبات؛ رموز وأسعار مخصصة؛ وراثة الصور؛ إعدادات المنتج الافتراضية؛ معاينة واستيراد وتصدير CSV؛ إرشادات داخلية لعمليات المنتج.","المنتجات؛ محتوى ثنائي اللغة؛ الحالات؛ الصور؛ فئات متدرجة؛ خيارات قابلة لإعادة الاستخدام؛ قيم الخيارات؛ عينات ألوان أو خيارات مرئية؛ توليد التركيبات؛ رموز وأسعار مخصصة؛ وراثة الصور؛ إعدادات المنتج الافتراضية؛ معاينة واستيراد وتصدير CSV؛ إرشادات داخلية لعمليات المنتج.","reviewed","none found","","","pass","","Source audit; rendered locale and state checks."
"features-detail-4:en","src/content/landing.json","features.details.features-detail-4","en","features detail disclosure or source inventory","Merchandising / العرض والترويج","Merchandising / العرض والترويج","reviewed","none found","","","pass","","Source audit; rendered locale and state checks."
"features-detail-4:ar","src/content/landing.json","features.details.features-detail-4","ar","features detail disclosure or source inventory","الباقات؛ أسعار الشرائح؛ العروض المجمعة؛ الكوبونات؛ استهداف المنتجات والفئات؛ البانرات؛ شريط الإعلانات؛ تنقل مخصص؛ مكونات صفحة المنتج؛ المراجعات؛ التوصيات؛ المشاهدة الأخيرة؛ النشرة البريدية.","الباقات؛ أسعار الشرائح؛ العروض المجمعة؛ الكوبونات؛ استهداف المنتجات والفئات؛ البانرات؛ شريط الإعلانات؛ تنقل مخصص؛ مكونات صفحة المنتج؛ المراجعات؛ التوصيات؛ المشاهدة الأخيرة؛ النشرة البريدية.","reviewed","none found","","","pass","","Source audit; rendered locale and state checks."
"features-detail-5:en","src/content/landing.json","features.details.features-detail-5","en","features detail disclosure or source inventory","Inventory / المخزون","Inventory / المخزون","reviewed","none found","","","pass","","Source audit; rendered locale and state checks."
"features-detail-5:ar","src/content/landing.json","features.details.features-detail-5","ar","features detail disclosure or source inventory","أصناف وفئات المخزون؛ دفاتر المتجر متعددة المواقع؛ الكميات المحجوزة والمتاحة؛ التكاليف والتقييم؛ تنبيهات النقص والنفاد؛ تسويات منضبطة؛ الحركات؛ السجل؛ تقارير داخل الصفحة؛ CSV؛ حذف محمي؛ إرشادات داخلية لعمليات المخزون.","أصناف وفئات المخزون؛ دفاتر المتجر متعددة المواقع؛ الكميات المحجوزة والمتاحة؛ التكاليف والتقييم؛ تنبيهات النقص والنفاد؛ تسويات منضبطة؛ الحركات؛ السجل؛ تقارير داخل الصفحة؛ CSV؛ حذف محمي؛ إرشادات داخلية لعمليات المخزون.","reviewed","none found","","","pass","","Source audit; rendered locale and state checks."
"features-detail-6:en","src/content/landing.json","features.details.features-detail-6","en","features detail disclosure or source inventory","Dependencies and assembly / المكونات والتجميع","Dependencies and assembly / المكونات والتجميع","reviewed","none found","","","pass","","Source audit; rendered locale and state checks."
"features-detail-6:ar","src/content/landing.json","features.details.features-detail-6","ar","features detail disclosure or source inventory","ربط مخزون المنتج والتركيبة؛ مكونات مشتركة وخاصة بالتركيبة؛ قوائم مكونات متعددة؛ إتاحة حسب المكونات؛ معاينة التجميع؛ تنفيذ التجميع كعملية واحدة؛ ربط تلقائي عند أول إنتاج؛ سجل التجميع.","ربط مخزون المنتج والتركيبة؛ مكونات مشتركة وخاصة بالتركيبة؛ قوائم مكونات متعددة؛ إتاحة حسب المكونات؛ معاينة التجميع؛ تنفيذ التجميع كعملية واحدة؛ ربط تلقائي عند أول إنتاج؛ سجل التجميع.","reviewed","none found","","","pass","","Source audit; rendered locale and state checks."
"features-detail-7:en","src/content/landing.json","features.details.features-detail-7","en","features detail disclosure or source inventory","Purchasing / المشتريات","Purchasing / المشتريات","reviewed","none found","","","pass","","Source audit; rendered locale and state checks."
"features-detail-7:ar","src/content/landing.json","features.details.features-detail-7","ar","features detail disclosure or source inventory","إنشاء الموردين وعرضهم وتعديلهم وحذفهم والبحث فيهم؛ أوامر الشراء؛ المراجع والملاحظات؛ توسيع الخيارات؛ لقطات أمر الشراء؛ الاستلام في الموقع؛ إلغاء الاستلام؛ حماية الحذف؛ تصدير أوامر الشراء CSV؛ إنشاء منتج من الأمر؛ الربط بمنتج موجود؛ مطابقة متعددة الأبعاد.","إنشاء الموردين وعرضهم وتعديلهم وحذفهم والبحث فيهم؛ أوامر الشراء؛ المراجع والملاحظات؛ توسيع الخيارات؛ لقطات أمر الشراء؛ الاستلام في الموقع؛ إلغاء الاستلام؛ حماية الحذف؛ تصدير أوامر الشراء CSV؛ إنشاء منتج من الأمر؛ الربط بمنتج موجود؛ مطابقة متعددة الأبعاد.","reviewed","none found","","","pass","","Source audit; rendered locale and state checks."
"features-detail-8:en","src/content/landing.json","features.details.features-detail-8","en","features detail disclosure or source inventory","Storefront / واجهة المتجر","Storefront / واجهة المتجر","reviewed","none found","","","pass","","Source audit; rendered locale and state checks."
"features-detail-8:ar","src/content/landing.json","features.details.features-detail-8","ar","features detail disclosure or source inventory","البحث والاقتراحات والتنقل السريع؛ الفئات؛ فلاتر الخيارات؛ الترتيب؛ الصفحات؛ حالة الرابط؛ تذكر الفلاتر؛ طرق عرض؛ البطاقات؛ المعاينة السريعة؛ الصور؛ تفاصيل المنتج؛ التركيبات؛ الأسعار؛ الإتاحة؛ الباقات؛ التوصيات؛ المشاهدة الأخيرة؛ التقييمات والمراجعات.","البحث والاقتراحات والتنقل السريع؛ الفئات؛ فلاتر الخيارات؛ الترتيب؛ الصفحات؛ حالة الرابط؛ تذكر الفلاتر؛ طرق عرض؛ البطاقات؛ المعاينة السريعة؛ الصور؛ تفاصيل المنتج؛ التركيبات؛ الأسعار؛ الإتاحة؛ الباقات؛ التوصيات؛ المشاهدة الأخيرة؛ التقييمات والمراجعات.","reviewed","none found","","","pass","","Source audit; rendered locale and state checks."
"features-detail-9:en","src/content/landing.json","features.details.features-detail-9","en","features detail disclosure or source inventory","Cart and checkout / السلة والدفع","Cart and checkout / السلة والدفع","reviewed","none found","","","pass","","Source audit; rendered locale and state checks."
"features-detail-9:ar","src/content/landing.json","features.details.features-detail-9","ar","features detail disclosure or source inventory","سلة محفوظة لكل متجر؛ حدود الكمية؛ مراجعة المخزون؛ العروض؛ الكوبونات؛ عناوين محفوظة أو جديدة؛ شحن المحافظة والمنطقة؛ الضريبة؛ الدفع عند الاستلام؛ إجماليات موثوقة؛ إنشاء الطلب كعملية واحدة؛ حماية آخر قطعة عند تزامن المشترين؛ التأكيد؛ استعادة برمز مع إرسال بريد يعتمد على إعداد المزود.","سلة محفوظة لكل متجر؛ حدود الكمية؛ مراجعة المخزون؛ العروض؛ الكوبونات؛ عناوين محفوظة أو جديدة؛ شحن المحافظة والمنطقة؛ الضريبة؛ الدفع عند الاستلام؛ إجماليات موثوقة؛ إنشاء الطلب كعملية واحدة؛ حماية آخر قطعة عند تزامن المشترين؛ التأكيد؛ استعادة برمز مع إرسال بريد يعتمد على إعداد المزود.","reviewed","none found","","","pass","","Source audit; rendered locale and state checks."
"features-detail-10:en","src/content/landing.json","features.details.features-detail-10","en","features detail disclosure or source inventory","Orders / الطلبات","Orders / الطلبات","reviewed","none found","","","pass","","Source audit; rendered locale and state checks."
"features-detail-10:ar","src/content/landing.json","features.details.features-detail-10","ar","features detail disclosure or source inventory","البحث؛ الفلاتر؛ التفاصيل؛ لقطات الخيارات؛ قوائم تجهيز مجمعة؛ حالات منضبطة؛ خط التجهيز الزمني؛ سجلات استرداد جزئي وكامل؛ التصدير؛ تاريخ العميل؛ إعادة الطلب؛ الحجوزات؛ محاولات وأحداث الدفع؛ إرشادات داخلية.","البحث؛ الفلاتر؛ التفاصيل؛ لقطات الخيارات؛ قوائم تجهيز مجمعة؛ حالات منضبطة؛ خط التجهيز الزمني؛ سجلات استرداد جزئي وكامل؛ التصدير؛ تاريخ العميل؛ إعادة الطلب؛ الحجوزات؛ محاولات وأحداث الدفع؛ إرشادات داخلية.","reviewed","none found","","","pass","","Source audit; rendered locale and state checks."
"features-detail-11:en","src/content/landing.json","features.details.features-detail-11","en","features detail disclosure or source inventory","POS / نقطة البيع","POS / نقطة البيع","reviewed","none found","","","pass","","Source audit; rendered locale and state checks."
"features-detail-11:ar","src/content/landing.json","features.details.features-detail-11","ar","features detail disclosure or source inventory","سياق المتجر والموقع وصندوق البيع؛ دورة حياة الصندوق؛ فتح وإغلاق وسجل الورديات؛ عد النقدية والفرق؛ البحث؛ التركيبات؛ الإتاحة؛ السلة؛ الخصم؛ الضريبة؛ اسم العميل؛ الدفع نقداً أو بالبطاقة أو التحويل أو غيره؛ باقي النقد؛ بيع في عملية واحدة؛ إعادة محاولة بلا تكرار؛ الإيصال؛ سجل البيع؛ إرشادات داخلية.","سياق المتجر والموقع وصندوق البيع؛ دورة حياة الصندوق؛ فتح وإغلاق وسجل الورديات؛ عد النقدية والفرق؛ البحث؛ التركيبات؛ الإتاحة؛ السلة؛ الخصم؛ الضريبة؛ اسم العميل؛ الدفع نقداً أو بالبطاقة أو التحويل أو غيره؛ باقي النقد؛ بيع في عملية واحدة؛ إعادة محاولة بلا تكرار؛ الإيصال؛ سجل البيع؛ إرشادات داخلية.","reviewed","none found","","","pass","","Source audit; rendered locale and state checks."
"features-detail-12:en","src/content/landing.json","features.details.features-detail-12","en","features detail disclosure or source inventory","Customers / العملاء","Customers / العملاء","reviewed","none found","","","pass","","Source audit; rendered locale and state checks."
"features-detail-12:ar","src/content/landing.json","features.details.features-detail-12","ar","features detail disclosure or source inventory","الدليل؛ هوية النشاط؛ ملفات المتاجر؛ تعديل الملف؛ إدارة العناوين والافتراضي؛ المفضلة ودمج الضيف؛ الموافقات؛ سجل وتفاصيل وإعادة الطلب؛ رصيد وسجل الولاء؛ المراجعات المؤهلة.","الدليل؛ هوية النشاط؛ ملفات المتاجر؛ تعديل الملف؛ إدارة العناوين والافتراضي؛ المفضلة ودمج الضيف؛ الموافقات؛ سجل وتفاصيل وإعادة الطلب؛ رصيد وسجل الولاء؛ المراجعات المؤهلة.","reviewed","none found","","","pass","","Source audit; rendered locale and state checks."
"features-detail-13:en","src/content/landing.json","features.details.features-detail-13","en","features detail disclosure or source inventory","Engagement / التواصل","Engagement / التواصل","reviewed","none found","","","pass","","Source audit; rendered locale and state checks."
"features-detail-13:ar","src/content/landing.json","features.details.features-detail-13","ar","features detail disclosure or source inventory","الكوبونات والاستخدام؛ كسب الولاء وتعديل الإدارة؛ مراجعة التقييمات؛ مشتركو النشرة؛ الاشتراك في الإشعارات؛ بث المتجر؛ صندوق الإشعارات وقراءتها وحذفها؛ حالة استرجاع السلة.","الكوبونات والاستخدام؛ كسب الولاء وتعديل الإدارة؛ مراجعة التقييمات؛ مشتركو النشرة؛ الاشتراك في الإشعارات؛ بث المتجر؛ صندوق الإشعارات وقراءتها وحذفها؛ حالة استرجاع السلة.","reviewed","none found","","","pass","","Source audit; rendered locale and state checks."
"features-detail-14:en","src/content/landing.json","features.details.features-detail-14","en","features detail disclosure or source inventory","Finance / المالية","Finance / المالية","reviewed","none found","","","pass","","Source audit; rendered locale and state checks."
"features-detail-14:ar","src/content/landing.json","features.details.features-detail-14","ar","features detail disclosure or source inventory","النظرة العامة؛ دليل الحسابات؛ أساس القيود المزدوجة؛ المصروفات؛ الأصول؛ قائمة الدخل؛ الميزانية؛ إعداد محاسبة المخزون؛ قيود تلقائية للعمليات المدعومة.","النظرة العامة؛ دليل الحسابات؛ أساس القيود المزدوجة؛ المصروفات؛ الأصول؛ قائمة الدخل؛ الميزانية؛ إعداد محاسبة المخزون؛ قيود تلقائية للعمليات المدعومة.","reviewed","none found","","","pass","","Source audit; rendered locale and state checks."
"features-detail-15:en","src/content/landing.json","features.details.features-detail-15","en","features detail disclosure or source inventory","Analytics / التحليلات","Analytics / التحليلات","reviewed","none found","","","pass","","Source audit; rendered locale and state checks."
"features-detail-15:ar","src/content/landing.json","features.details.features-detail-15","ar","features detail disclosure or source inventory","الإيراد؛ الطلبات؛ متوسط قيمة الطلب؛ اكتساب العملاء؛ الاتجاهات اليومية؛ إيراد الفئات؛ أفضل المنتجات؛ المحافظات؛ مزيج الدفع؛ الكوبونات؛ الولاء؛ التقييمات؛ الاستردادات؛ الفترات الزمنية.","الإيراد؛ الطلبات؛ متوسط قيمة الطلب؛ اكتساب العملاء؛ الاتجاهات اليومية؛ إيراد الفئات؛ أفضل المنتجات؛ المحافظات؛ مزيج الدفع؛ الكوبونات؛ الولاء؛ التقييمات؛ الاستردادات؛ الفترات الزمنية.","reviewed","none found","","","pass","","Source audit; rendered locale and state checks."
"features-detail-16:en","src/content/landing.json","features.details.features-detail-16","en","features detail disclosure or source inventory","Store configuration / إعداد المتجر","Store configuration / إعداد المتجر","reviewed","none found","","","pass","","Source audit; rendered locale and state checks."
"features-detail-16:ar","src/content/landing.json","features.details.features-detail-16","ar","features detail disclosure or source inventory","الاتصال والعملة؛ الدفع عند الاستلام؛ الضريبة؛ الشحن؛ حد المخزون؛ وضع المحاسبة؛ التخطيط؛ البطاقات؛ الشبكة؛ التقييمات؛ سلوك النفاد؛ الشريط؛ الولاء؛ الروابط الاجتماعية؛ تهيئة محركات البحث ثنائية اللغة؛ الألوان؛ القوالب؛ البانرات؛ التنقل؛ المكونات.","الاتصال والعملة؛ الدفع عند الاستلام؛ الضريبة؛ الشحن؛ حد المخزون؛ وضع المحاسبة؛ التخطيط؛ البطاقات؛ الشبكة؛ التقييمات؛ سلوك النفاد؛ الشريط؛ الولاء؛ الروابط الاجتماعية؛ تهيئة محركات البحث ثنائية اللغة؛ الألوان؛ القوالب؛ البانرات؛ التنقل؛ المكونات.","reviewed","none found","","","pass","","Source audit; rendered locale and state checks."
"features-detail-17:en","src/content/landing.json","features.details.features-detail-17","en","features detail disclosure or source inventory","Platform and resilience / المنصة والاستمرارية","Platform and resilience / المنصة والاستمرارية","reviewed","none found","","","pass","","Source audit; rendered locale and state checks."
"features-detail-17:ar","src/content/landing.json","features.details.features-detail-17","ar","features detail disclosure or source inventory","تطبيق قابل للتثبيت وأصول مخزنة؛ إشعارات ويب عند الإعداد؛ عناوين واعية بالمتجر؛ عناوين مُدارة؛ سجل النطاقات؛ وسائط خاصة؛ بنية استعادة مقيّدة لمسؤول المنصة؛ ملفات مشفرة وفحص سلامة؛ صحة المنصة ودورة الحياة والأرشفة والاستعادة والنطاقات ودعم محدود.","تطبيق قابل للتثبيت وأصول مخزنة؛ إشعارات ويب عند الإعداد؛ عناوين واعية بالمتجر؛ عناوين مُدارة؛ سجل النطاقات؛ وسائط خاصة؛ بنية استعادة مقيّدة لمسؤول المنصة؛ ملفات مشفرة وفحص سلامة؛ صحة المنصة ودورة الحياة والأرشفة والاستعادة والنطاقات ودعم محدود.","reviewed","none found","","","pass","","Source audit; rendered locale and state checks."
"group-1-name:en","src/content/landing.json","features.groups.group-1.name","en","Features disclosure label","Business and Stores","Business and Stores","reviewed","none found","","","pass","","Source audit; rendered locale and state checks."
"group-1-name:ar","src/content/landing.json","features.groups.group-1.name","ar","Features disclosure label","النشاط والمتاجر","النشاط والمتاجر","reviewed","none found","","","pass","","Source audit; rendered locale and state checks."
"group-1-inventory:en","src/content/landing.json","features.groups.group-1.inventory","en","Expanded features disclosure","Business discovery and search; Business creation; workspace; subscription/trial state; Store capacity and billing-recovery guidance; Store search and creation; managed handles; localized names; launch-readiness checklist; publication; multiple independent Stores; Active Store switching; shared Locations with separate ledgers.","Business discovery and search; Business creation; workspace; subscription/trial state; Store capacity and billing-recovery guidance; Store search and creation; managed handles; localized names; launch-readiness checklist; publication; multiple independent Stores; Active Store switching; shared Locations with separate ledgers.","reviewed","none found","","","pass","","Source audit; rendered locale and state checks."
"group-1-inventory:ar","src/content/landing.json","features.groups.group-1.inventory","ar","Expanded features disclosure","اكتشاف الأنشطة والبحث فيها؛ إنشاء النشاط؛ مساحة العمل؛ حالة الاشتراك والفترة التجريبية؛ سعة المتاجر وإرشادات استعادة الفوترة؛ البحث عن المتاجر وإنشاؤها؛ عناوين مُدارة؛ أسماء محلية؛ قائمة جاهزية الإطلاق؛ النشر؛ عدة متاجر مستقلة؛ تبديل المتجر النشط؛ مواقع مشتركة بدفاتر منفصلة.","اكتشاف الأنشطة والبحث فيها؛ إنشاء النشاط؛ مساحة العمل؛ حالة الاشتراك والفترة التجريبية؛ سعة المتاجر وإرشادات استعادة الفوترة؛ البحث عن المتاجر وإنشاؤها؛ عناوين مُدارة؛ أسماء محلية؛ قائمة جاهزية الإطلاق؛ النشر؛ عدة متاجر مستقلة؛ تبديل المتجر النشط؛ مواقع مشتركة بدفاتر منفصلة.","reviewed","none found","","","pass","","Source audit; rendered locale and state checks."
"group-2-name:en","src/content/landing.json","features.groups.group-2.name","en","Features disclosure label","Team and access","Team and access","reviewed","none found","","","pass","","Source audit; rendered locale and state checks."
"group-2-name:ar","src/content/landing.json","features.groups.group-2.name","ar","Features disclosure label","الفريق والصلاحيات","الفريق والصلاحيات","reviewed","none found","","","pass","","Source audit; rendered locale and state checks."
"group-2-inventory:en","src/content/landing.json","features.groups.group-2.inventory","en","Expanded features disclosure","Owner-wide access; Store-specific grants; predefined and custom roles; permission-filtered navigation; staff lookup; invitation; update; suspension; revocation; access-loss handling.","Owner-wide access; Store-specific grants; predefined and custom roles; permission-filtered navigation; staff lookup; invitation; update; suspension; revocation; access-loss handling.","reviewed","none found","","","pass","","Source audit; rendered locale and state checks."
"group-2-inventory:ar","src/content/landing.json","features.groups.group-2.inventory","ar","Expanded features disclosure","وصول المالك لكل المتاجر؛ صلاحيات خاصة بكل متجر؛ أدوار جاهزة ومخصصة؛ تنقل حسب الصلاحية؛ البحث عن الموظفين؛ الدعوة؛ التعديل؛ الإيقاف؛ الإلغاء؛ التعامل مع فقدان الوصول.","وصول المالك لكل المتاجر؛ صلاحيات خاصة بكل متجر؛ أدوار جاهزة ومخصصة؛ تنقل حسب الصلاحية؛ البحث عن الموظفين؛ الدعوة؛ التعديل؛ الإيقاف؛ الإلغاء؛ التعامل مع فقدان الوصول.","reviewed","none found","","","pass","","Source audit; rendered locale and state checks."
"group-3-name:en","src/content/landing.json","features.groups.group-3.name","en","Features disclosure label","Catalog","Catalog","reviewed","none found","","","pass","","Source audit; rendered locale and state checks."
"group-3-name:ar","src/content/landing.json","features.groups.group-3.name","ar","Features disclosure label","الكتالوج","الكتالوج","reviewed","none found","","","pass","","Source audit; rendered locale and state checks."
"group-3-inventory:en","src/content/landing.json","features.groups.group-3.inventory","en","Expanded features disclosure","Products; bilingual content; statuses; images; hierarchical categories; reusable options; option values; color or visual swatches; generated variants; SKU and price overrides; image inheritance; product defaults; CSV import preview, import, and export; guided product workflows.","Products; bilingual content; statuses; images; hierarchical categories; reusable options; option values; color or visual swatches; generated variants; SKU and price overrides; image inheritance; product defaults; CSV import preview, import, and export; guided product workflows.","reviewed","none found","","","pass","","Source audit; rendered locale and state checks."
"group-3-inventory:ar","src/content/landing.json","features.groups.group-3.inventory","ar","Expanded features disclosure","المنتجات؛ محتوى ثنائي اللغة؛ الحالات؛ الصور؛ فئات متدرجة؛ خيارات قابلة لإعادة الاستخدام؛ قيم الخيارات؛ عينات ألوان أو خيارات مرئية؛ توليد التركيبات؛ رموز وأسعار مخصصة؛ وراثة الصور؛ إعدادات المنتج الافتراضية؛ معاينة واستيراد وتصدير CSV؛ إرشادات داخلية لعمليات المنتج.","المنتجات؛ محتوى ثنائي اللغة؛ الحالات؛ الصور؛ فئات متدرجة؛ خيارات قابلة لإعادة الاستخدام؛ قيم الخيارات؛ عينات ألوان أو خيارات مرئية؛ توليد التركيبات؛ رموز وأسعار مخصصة؛ وراثة الصور؛ إعدادات المنتج الافتراضية؛ معاينة واستيراد وتصدير CSV؛ إرشادات داخلية لعمليات المنتج.","reviewed","none found","","","pass","","Source audit; rendered locale and state checks."
"group-4-name:en","src/content/landing.json","features.groups.group-4.name","en","Features disclosure label","Merchandising","Merchandising","reviewed","none found","","","pass","","Source audit; rendered locale and state checks."
"group-4-name:ar","src/content/landing.json","features.groups.group-4.name","ar","Features disclosure label","العرض والترويج","العرض والترويج","reviewed","none found","","","pass","","Source audit; rendered locale and state checks."
"group-4-inventory:en","src/content/landing.json","features.groups.group-4.inventory","en","Expanded features disclosure","Bundles; tier pricing; combo offers; coupons; product/category targeting; hero banners; announcement bar; custom navigation; product widgets; reviews; recommendations; recently viewed; newsletter.","Bundles; tier pricing; combo offers; coupons; product/category targeting; hero banners; announcement bar; custom navigation; product widgets; reviews; recommendations; recently viewed; newsletter.","reviewed","none found","","","pass","","Source audit; rendered locale and state checks."
"group-4-inventory:ar","src/content/landing.json","features.groups.group-4.inventory","ar","Expanded features disclosure","الباقات؛ أسعار الشرائح؛ العروض المجمعة؛ الكوبونات؛ استهداف المنتجات والفئات؛ البانرات؛ شريط الإعلانات؛ تنقل مخصص؛ مكونات صفحة المنتج؛ المراجعات؛ التوصيات؛ المشاهدة الأخيرة؛ النشرة البريدية.","الباقات؛ أسعار الشرائح؛ العروض المجمعة؛ الكوبونات؛ استهداف المنتجات والفئات؛ البانرات؛ شريط الإعلانات؛ تنقل مخصص؛ مكونات صفحة المنتج؛ المراجعات؛ التوصيات؛ المشاهدة الأخيرة؛ النشرة البريدية.","reviewed","none found","","","pass","","Source audit; rendered locale and state checks."
"group-5-name:en","src/content/landing.json","features.groups.group-5.name","en","Features disclosure label","Inventory","Inventory","reviewed","none found","","","pass","","Source audit; rendered locale and state checks."
"group-5-name:ar","src/content/landing.json","features.groups.group-5.name","ar","Features disclosure label","المخزون","المخزون","reviewed","none found","","","pass","","Source audit; rendered locale and state checks."
"group-5-inventory:en","src/content/landing.json","features.groups.group-5.inventory","en","Expanded features disclosure","Inventory items and categories; multi-Location Store ledgers; reserved and available quantities; costs and valuation; low/out-of-stock visibility; controlled adjustments; movements; history; inline reports; CSV; guarded deletion; guided inventory workflows.","Inventory items and categories; multi-Location Store ledgers; reserved and available quantities; costs and valuation; low/out-of-stock visibility; controlled adjustments; movements; history; inline reports; CSV; guarded deletion; guided inventory workflows.","reviewed","none found","","","pass","","Source audit; rendered locale and state checks."
"group-5-inventory:ar","src/content/landing.json","features.groups.group-5.inventory","ar","Expanded features disclosure","أصناف وفئات المخزون؛ دفاتر المتجر متعددة المواقع؛ الكميات المحجوزة والمتاحة؛ التكاليف والتقييم؛ تنبيهات النقص والنفاد؛ تسويات منضبطة؛ الحركات؛ السجل؛ تقارير داخل الصفحة؛ CSV؛ حذف محمي؛ إرشادات داخلية لعمليات المخزون.","أصناف وفئات المخزون؛ دفاتر المتجر متعددة المواقع؛ الكميات المحجوزة والمتاحة؛ التكاليف والتقييم؛ تنبيهات النقص والنفاد؛ تسويات منضبطة؛ الحركات؛ السجل؛ تقارير داخل الصفحة؛ CSV؛ حذف محمي؛ إرشادات داخلية لعمليات المخزون.","reviewed","none found","","","pass","","Source audit; rendered locale and state checks."
"group-6-name:en","src/content/landing.json","features.groups.group-6.name","en","Features disclosure label","Dependencies and assembly","Dependencies and assembly","reviewed","none found","","","pass","","Source audit; rendered locale and state checks."
"group-6-name:ar","src/content/landing.json","features.groups.group-6.name","ar","Features disclosure label","المكونات والتجميع","المكونات والتجميع","reviewed","none found","","","pass","","Source audit; rendered locale and state checks."
"group-6-inventory:en","src/content/landing.json","features.groups.group-6.inventory","en","Expanded features disclosure","Product and variant stock links; shared and variant dependencies; multi-component bills of materials; dependency-aware availability; assembly preview; assembly as one indivisible operation; auto-link on first build; assembly history.","Product and variant stock links; shared and variant dependencies; multi-component bills of materials; dependency-aware availability; assembly preview; assembly as one indivisible operation; auto-link on first build; assembly history.","reviewed","none found","","","pass","","Source audit; rendered locale and state checks."
"group-6-inventory:ar","src/content/landing.json","features.groups.group-6.inventory","ar","Expanded features disclosure","ربط مخزون المنتج والتركيبة؛ مكونات مشتركة وخاصة بالتركيبة؛ قوائم مكونات متعددة؛ إتاحة حسب المكونات؛ معاينة التجميع؛ تنفيذ التجميع كعملية واحدة؛ ربط تلقائي عند أول إنتاج؛ سجل التجميع.","ربط مخزون المنتج والتركيبة؛ مكونات مشتركة وخاصة بالتركيبة؛ قوائم مكونات متعددة؛ إتاحة حسب المكونات؛ معاينة التجميع؛ تنفيذ التجميع كعملية واحدة؛ ربط تلقائي عند أول إنتاج؛ سجل التجميع.","reviewed","none found","","","pass","","Source audit; rendered locale and state checks."
"group-7-name:en","src/content/landing.json","features.groups.group-7.name","en","Features disclosure label","Purchasing","Purchasing","reviewed","none found","","","pass","","Source audit; rendered locale and state checks."
"group-7-name:ar","src/content/landing.json","features.groups.group-7.name","ar","Features disclosure label","المشتريات","المشتريات","reviewed","none found","","","pass","","Source audit; rendered locale and state checks."
"group-7-inventory:en","src/content/landing.json","features.groups.group-7.inventory","en","Expanded features disclosure","Supplier CRUD/search; purchase orders; references and notes; option expansion; PO snapshots; Location receiving; receipt cancellation; deletion safeguards; purchase-order CSV export; create product from PO; link to existing product; multidimensional matching.","Supplier CRUD/search; purchase orders; references and notes; option expansion; PO snapshots; Location receiving; receipt cancellation; deletion safeguards; purchase-order CSV export; create product from PO; link to existing product; multidimensional matching.","reviewed","none found","","","pass","","Source audit; rendered locale and state checks."
"group-7-inventory:ar","src/content/landing.json","features.groups.group-7.inventory","ar","Expanded features disclosure","إنشاء الموردين وعرضهم وتعديلهم وحذفهم والبحث فيهم؛ أوامر الشراء؛ المراجع والملاحظات؛ توسيع الخيارات؛ لقطات أمر الشراء؛ الاستلام في الموقع؛ إلغاء الاستلام؛ حماية الحذف؛ تصدير أوامر الشراء CSV؛ إنشاء منتج من الأمر؛ الربط بمنتج موجود؛ مطابقة متعددة الأبعاد.","إنشاء الموردين وعرضهم وتعديلهم وحذفهم والبحث فيهم؛ أوامر الشراء؛ المراجع والملاحظات؛ توسيع الخيارات؛ لقطات أمر الشراء؛ الاستلام في الموقع؛ إلغاء الاستلام؛ حماية الحذف؛ تصدير أوامر الشراء CSV؛ إنشاء منتج من الأمر؛ الربط بمنتج موجود؛ مطابقة متعددة الأبعاد.","reviewed","none found","","","pass","","Source audit; rendered locale and state checks."
"group-8-name:en","src/content/landing.json","features.groups.group-8.name","en","Features disclosure label","Storefront","Storefront","reviewed","none found","","","pass","","Source audit; rendered locale and state checks."
"group-8-name:ar","src/content/landing.json","features.groups.group-8.name","ar","Features disclosure label","واجهة المتجر","واجهة المتجر","reviewed","none found","","","pass","","Source audit; rendered locale and state checks."
"group-8-inventory:en","src/content/landing.json","features.groups.group-8.inventory","en","Expanded features disclosure","Search, suggestions, and command navigation; categories; option filters; sort; pagination; URL state; remembered filters; multiple views; cards; quick view; galleries; product detail; variants; pricing; availability; bundles; recommendations; recently viewed; ratings and reviews.","Search, suggestions, and command navigation; categories; option filters; sort; pagination; URL state; remembered filters; multiple views; cards; quick view; galleries; product detail; variants; pricing; availability; bundles; recommendations; recently viewed; ratings and reviews.","reviewed","none found","","","pass","","Source audit; rendered locale and state checks."
"group-8-inventory:ar","src/content/landing.json","features.groups.group-8.inventory","ar","Expanded features disclosure","البحث والاقتراحات والتنقل السريع؛ الفئات؛ فلاتر الخيارات؛ الترتيب؛ الصفحات؛ حالة الرابط؛ تذكر الفلاتر؛ طرق عرض؛ البطاقات؛ المعاينة السريعة؛ الصور؛ تفاصيل المنتج؛ التركيبات؛ الأسعار؛ الإتاحة؛ الباقات؛ التوصيات؛ المشاهدة الأخيرة؛ التقييمات والمراجعات.","البحث والاقتراحات والتنقل السريع؛ الفئات؛ فلاتر الخيارات؛ الترتيب؛ الصفحات؛ حالة الرابط؛ تذكر الفلاتر؛ طرق عرض؛ البطاقات؛ المعاينة السريعة؛ الصور؛ تفاصيل المنتج؛ التركيبات؛ الأسعار؛ الإتاحة؛ الباقات؛ التوصيات؛ المشاهدة الأخيرة؛ التقييمات والمراجعات.","reviewed","none found","","","pass","","Source audit; rendered locale and state checks."
"group-9-name:en","src/content/landing.json","features.groups.group-9.name","en","Features disclosure label","Cart and checkout","Cart and checkout","reviewed","none found","","","pass","","Source audit; rendered locale and state checks."
"group-9-name:ar","src/content/landing.json","features.groups.group-9.name","ar","Features disclosure label","السلة والدفع","السلة والدفع","reviewed","none found","","","pass","","Source audit; rendered locale and state checks."
"group-9-inventory:en","src/content/landing.json","features.groups.group-9.inventory","en","Expanded features disclosure","Store-scoped persistent cart; quantity limits; stock reconciliation; offers; coupons; saved/new addresses; governorate/area shipping; tax; COD; authoritative totals; order creation as one operation; last-unit concurrency protection; confirmation; token recovery with provider-dependent email delivery.","Store-scoped persistent cart; quantity limits; stock reconciliation; offers; coupons; saved/new addresses; governorate/area shipping; tax; COD; authoritative totals; order creation as one operation; last-unit concurrency protection; confirmation; token recovery with provider-dependent email delivery.","reviewed","none found","","","pass","","Source audit; rendered locale and state checks."
"group-9-inventory:ar","src/content/landing.json","features.groups.group-9.inventory","ar","Expanded features disclosure","سلة محفوظة لكل متجر؛ حدود الكمية؛ مراجعة المخزون؛ العروض؛ الكوبونات؛ عناوين محفوظة أو جديدة؛ شحن المحافظة والمنطقة؛ الضريبة؛ الدفع عند الاستلام؛ إجماليات موثوقة؛ إنشاء الطلب كعملية واحدة؛ حماية آخر قطعة عند تزامن المشترين؛ التأكيد؛ استعادة برمز مع إرسال بريد يعتمد على إعداد المزود.","سلة محفوظة لكل متجر؛ حدود الكمية؛ مراجعة المخزون؛ العروض؛ الكوبونات؛ عناوين محفوظة أو جديدة؛ شحن المحافظة والمنطقة؛ الضريبة؛ الدفع عند الاستلام؛ إجماليات موثوقة؛ إنشاء الطلب كعملية واحدة؛ حماية آخر قطعة عند تزامن المشترين؛ التأكيد؛ استعادة برمز مع إرسال بريد يعتمد على إعداد المزود.","reviewed","none found","","","pass","","Source audit; rendered locale and state checks."
"group-10-name:en","src/content/landing.json","features.groups.group-10.name","en","Features disclosure label","Orders","Orders","reviewed","none found","","","pass","","Source audit; rendered locale and state checks."
"group-10-name:ar","src/content/landing.json","features.groups.group-10.name","ar","Features disclosure label","الطلبات","الطلبات","reviewed","none found","","","pass","","Source audit; rendered locale and state checks."
"group-10-inventory:en","src/content/landing.json","features.groups.group-10.inventory","en","Expanded features disclosure","Search; filters; details; option snapshots; consolidated pick lists; controlled statuses; fulfilment timeline; partial/full internal refund records; exports; customer history; reorder; reservations; payment attempts and events; guided workflows.","Search; filters; details; option snapshots; consolidated pick lists; controlled statuses; fulfilment timeline; partial/full internal refund records; exports; customer history; reorder; reservations; payment attempts and events; guided workflows.","reviewed","none found","","","pass","","Source audit; rendered locale and state checks."
"group-10-inventory:ar","src/content/landing.json","features.groups.group-10.inventory","ar","Expanded features disclosure","البحث؛ الفلاتر؛ التفاصيل؛ لقطات الخيارات؛ قوائم تجهيز مجمعة؛ حالات منضبطة؛ خط التجهيز الزمني؛ سجلات استرداد جزئي وكامل؛ التصدير؛ تاريخ العميل؛ إعادة الطلب؛ الحجوزات؛ محاولات وأحداث الدفع؛ إرشادات داخلية.","البحث؛ الفلاتر؛ التفاصيل؛ لقطات الخيارات؛ قوائم تجهيز مجمعة؛ حالات منضبطة؛ خط التجهيز الزمني؛ سجلات استرداد جزئي وكامل؛ التصدير؛ تاريخ العميل؛ إعادة الطلب؛ الحجوزات؛ محاولات وأحداث الدفع؛ إرشادات داخلية.","reviewed","none found","","","pass","","Source audit; rendered locale and state checks."
"group-11-name:en","src/content/landing.json","features.groups.group-11.name","en","Features disclosure label","POS","POS","reviewed","none found","","","pass","","Source audit; rendered locale and state checks."
"group-11-name:ar","src/content/landing.json","features.groups.group-11.name","ar","Features disclosure label","نقطة البيع","نقطة البيع","reviewed","none found","","","pass","","Source audit; rendered locale and state checks."
"group-11-inventory:en","src/content/landing.json","features.groups.group-11.inventory","en","Expanded features disclosure","Store, Location, and register context; register lifecycle; shift open/close/history; cash counts and variance; catalog search; variants; availability; cart; discount; tax; customer name; cash/card/transfer/other tender; cash change; one-operation sale; duplicate-safe retry; receipt; sale history; guided workflow.","Store, Location, and register context; register lifecycle; shift open/close/history; cash counts and variance; catalog search; variants; availability; cart; discount; tax; customer name; cash/card/transfer/other tender; cash change; one-operation sale; duplicate-safe retry; receipt; sale history; guided workflow.","reviewed","none found","","","pass","","Source audit; rendered locale and state checks."
"group-11-inventory:ar","src/content/landing.json","features.groups.group-11.inventory","ar","Expanded features disclosure","سياق المتجر والموقع وصندوق البيع؛ دورة حياة الصندوق؛ فتح وإغلاق وسجل الورديات؛ عد النقدية والفرق؛ البحث؛ التركيبات؛ الإتاحة؛ السلة؛ الخصم؛ الضريبة؛ اسم العميل؛ الدفع نقداً أو بالبطاقة أو التحويل أو غيره؛ باقي النقد؛ بيع في عملية واحدة؛ إعادة محاولة بلا تكرار؛ الإيصال؛ سجل البيع؛ إرشادات داخلية.","سياق المتجر والموقع وصندوق البيع؛ دورة حياة الصندوق؛ فتح وإغلاق وسجل الورديات؛ عد النقدية والفرق؛ البحث؛ التركيبات؛ الإتاحة؛ السلة؛ الخصم؛ الضريبة؛ اسم العميل؛ الدفع نقداً أو بالبطاقة أو التحويل أو غيره؛ باقي النقد؛ بيع في عملية واحدة؛ إعادة محاولة بلا تكرار؛ الإيصال؛ سجل البيع؛ إرشادات داخلية.","reviewed","none found","","","pass","","Source audit; rendered locale and state checks."
"group-12-name:en","src/content/landing.json","features.groups.group-12.name","en","Features disclosure label","Customers","Customers","reviewed","none found","","","pass","","Source audit; rendered locale and state checks."
"group-12-name:ar","src/content/landing.json","features.groups.group-12.name","ar","Features disclosure label","العملاء","العملاء","reviewed","none found","","","pass","","Source audit; rendered locale and state checks."
"group-12-inventory:en","src/content/landing.json","features.groups.group-12.inventory","en","Expanded features disclosure","Directory; Business identity; Store profiles; profile edit; address CRUD/default; favorites and guest merge; consent; order history/detail/reorder; loyalty balance and history; eligible reviews.","Directory; Business identity; Store profiles; profile edit; address CRUD/default; favorites and guest merge; consent; order history/detail/reorder; loyalty balance and history; eligible reviews.","reviewed","none found","","","pass","","Source audit; rendered locale and state checks."
"group-12-inventory:ar","src/content/landing.json","features.groups.group-12.inventory","ar","Expanded features disclosure","الدليل؛ هوية النشاط؛ ملفات المتاجر؛ تعديل الملف؛ إدارة العناوين والافتراضي؛ المفضلة ودمج الضيف؛ الموافقات؛ سجل وتفاصيل وإعادة الطلب؛ رصيد وسجل الولاء؛ المراجعات المؤهلة.","الدليل؛ هوية النشاط؛ ملفات المتاجر؛ تعديل الملف؛ إدارة العناوين والافتراضي؛ المفضلة ودمج الضيف؛ الموافقات؛ سجل وتفاصيل وإعادة الطلب؛ رصيد وسجل الولاء؛ المراجعات المؤهلة.","reviewed","none found","","","pass","","Source audit; rendered locale and state checks."
"group-13-name:en","src/content/landing.json","features.groups.group-13.name","en","Features disclosure label","Engagement","Engagement","reviewed","none found","","","pass","","Source audit; rendered locale and state checks."
"group-13-name:ar","src/content/landing.json","features.groups.group-13.name","ar","Features disclosure label","التواصل","التواصل","reviewed","none found","","","pass","","Source audit; rendered locale and state checks."
"group-13-inventory:en","src/content/landing.json","features.groups.group-13.inventory","en","Expanded features disclosure","Coupons and usage; loyalty earning/admin adjustment; review moderation; newsletter subscribers; push opt-in; Store broadcasts; notification inbox/read/delete; abandoned-cart recovery status.","Coupons and usage; loyalty earning/admin adjustment; review moderation; newsletter subscribers; push opt-in; Store broadcasts; notification inbox/read/delete; abandoned-cart recovery status.","reviewed","none found","","","pass","","Source audit; rendered locale and state checks."
"group-13-inventory:ar","src/content/landing.json","features.groups.group-13.inventory","ar","Expanded features disclosure","الكوبونات والاستخدام؛ كسب الولاء وتعديل الإدارة؛ مراجعة التقييمات؛ مشتركو النشرة؛ الاشتراك في الإشعارات؛ بث المتجر؛ صندوق الإشعارات وقراءتها وحذفها؛ حالة استرجاع السلة.","الكوبونات والاستخدام؛ كسب الولاء وتعديل الإدارة؛ مراجعة التقييمات؛ مشتركو النشرة؛ الاشتراك في الإشعارات؛ بث المتجر؛ صندوق الإشعارات وقراءتها وحذفها؛ حالة استرجاع السلة.","reviewed","none found","","","pass","","Source audit; rendered locale and state checks."
"group-14-name:en","src/content/landing.json","features.groups.group-14.name","en","Features disclosure label","Finance","Finance","reviewed","none found","","","pass","","Source audit; rendered locale and state checks."
"group-14-name:ar","src/content/landing.json","features.groups.group-14.name","ar","Features disclosure label","المالية","المالية","reviewed","none found","","","pass","","Source audit; rendered locale and state checks."
"group-14-inventory:en","src/content/landing.json","features.groups.group-14.inventory","en","Expanded features disclosure","Overview; chart of accounts; double-entry journal foundation; expenses; assets; income statement; balance sheet; inventory accounting configuration; supported automatic commerce postings.","Overview; chart of accounts; double-entry journal foundation; expenses; assets; income statement; balance sheet; inventory accounting configuration; supported automatic commerce postings.","reviewed","none found","","","pass","","Source audit; rendered locale and state checks."
"group-14-inventory:ar","src/content/landing.json","features.groups.group-14.inventory","ar","Expanded features disclosure","النظرة العامة؛ دليل الحسابات؛ أساس القيود المزدوجة؛ المصروفات؛ الأصول؛ قائمة الدخل؛ الميزانية؛ إعداد محاسبة المخزون؛ قيود تلقائية للعمليات المدعومة.","النظرة العامة؛ دليل الحسابات؛ أساس القيود المزدوجة؛ المصروفات؛ الأصول؛ قائمة الدخل؛ الميزانية؛ إعداد محاسبة المخزون؛ قيود تلقائية للعمليات المدعومة.","reviewed","none found","","","pass","","Source audit; rendered locale and state checks."
"group-15-name:en","src/content/landing.json","features.groups.group-15.name","en","Features disclosure label","Analytics","Analytics","reviewed","none found","","","pass","","Source audit; rendered locale and state checks."
"group-15-name:ar","src/content/landing.json","features.groups.group-15.name","ar","Features disclosure label","التحليلات","التحليلات","reviewed","none found","","","pass","","Source audit; rendered locale and state checks."
"group-15-inventory:en","src/content/landing.json","features.groups.group-15.inventory","en","Expanded features disclosure","Revenue; orders; AOV; customer acquisition; daily trends; category revenue; top products; governorates; payment mix; coupons; loyalty; ratings; refunds; date ranges.","Revenue; orders; AOV; customer acquisition; daily trends; category revenue; top products; governorates; payment mix; coupons; loyalty; ratings; refunds; date ranges.","reviewed","none found","","","pass","","Source audit; rendered locale and state checks."
"group-15-inventory:ar","src/content/landing.json","features.groups.group-15.inventory","ar","Expanded features disclosure","الإيراد؛ الطلبات؛ متوسط قيمة الطلب؛ اكتساب العملاء؛ الاتجاهات اليومية؛ إيراد الفئات؛ أفضل المنتجات؛ المحافظات؛ مزيج الدفع؛ الكوبونات؛ الولاء؛ التقييمات؛ الاستردادات؛ الفترات الزمنية.","الإيراد؛ الطلبات؛ متوسط قيمة الطلب؛ اكتساب العملاء؛ الاتجاهات اليومية؛ إيراد الفئات؛ أفضل المنتجات؛ المحافظات؛ مزيج الدفع؛ الكوبونات؛ الولاء؛ التقييمات؛ الاستردادات؛ الفترات الزمنية.","reviewed","none found","","","pass","","Source audit; rendered locale and state checks."
"group-16-name:en","src/content/landing.json","features.groups.group-16.name","en","Features disclosure label","Store configuration","Store configuration","reviewed","none found","","","pass","","Source audit; rendered locale and state checks."
"group-16-name:ar","src/content/landing.json","features.groups.group-16.name","ar","Features disclosure label","إعداد المتجر","إعداد المتجر","reviewed","none found","","","pass","","Source audit; rendered locale and state checks."
"group-16-inventory:en","src/content/landing.json","features.groups.group-16.inventory","en","Expanded features disclosure","Contact and currency; COD; tax; shipping; stock thresholds; accounting mode; layout; cards; grid; ratings; out-of-stock behavior; ticker; loyalty; social links; bilingual SEO; colors; themes; banners; navigation; widgets.","Contact and currency; COD; tax; shipping; stock thresholds; accounting mode; layout; cards; grid; ratings; out-of-stock behavior; ticker; loyalty; social links; bilingual SEO; colors; themes; banners; navigation; widgets.","reviewed","none found","","","pass","","Source audit; rendered locale and state checks."
"group-16-inventory:ar","src/content/landing.json","features.groups.group-16.inventory","ar","Expanded features disclosure","الاتصال والعملة؛ الدفع عند الاستلام؛ الضريبة؛ الشحن؛ حد المخزون؛ وضع المحاسبة؛ التخطيط؛ البطاقات؛ الشبكة؛ التقييمات؛ سلوك النفاد؛ الشريط؛ الولاء؛ الروابط الاجتماعية؛ تهيئة محركات البحث ثنائية اللغة؛ الألوان؛ القوالب؛ البانرات؛ التنقل؛ المكونات.","الاتصال والعملة؛ الدفع عند الاستلام؛ الضريبة؛ الشحن؛ حد المخزون؛ وضع المحاسبة؛ التخطيط؛ البطاقات؛ الشبكة؛ التقييمات؛ سلوك النفاد؛ الشريط؛ الولاء؛ الروابط الاجتماعية؛ تهيئة محركات البحث ثنائية اللغة؛ الألوان؛ القوالب؛ البانرات؛ التنقل؛ المكونات.","reviewed","none found","","","pass","","Source audit; rendered locale and state checks."
"group-17-name:en","src/content/landing.json","features.groups.group-17.name","en","Features disclosure label","Platform and resilience","Platform and resilience","reviewed","none found","","","pass","","Source audit; rendered locale and state checks."
"group-17-name:ar","src/content/landing.json","features.groups.group-17.name","ar","Features disclosure label","المنصة والاستمرارية","المنصة والاستمرارية","reviewed","none found","","","pass","","Source audit; rendered locale and state checks."
"group-17-inventory:en","src/content/landing.json","features.groups.group-17.inventory","en","Expanded features disclosure","Installable PWA and cached assets; web push when configured; Store-aware hosts; managed handles; custom-domain registry; private media; restricted Super Admin recovery infrastructure; encrypted artifacts and checksums; platform health, lifecycle, archive/restore, domain controls, and bounded support access.","Installable PWA and cached assets; web push when configured; Store-aware hosts; managed handles; custom-domain registry; private media; restricted Super Admin recovery infrastructure; encrypted artifacts and checksums; platform health, lifecycle, archive/restore, domain controls, and bounded support access.","reviewed","none found","","","pass","","Source audit; rendered locale and state checks."
"group-17-inventory:ar","src/content/landing.json","features.groups.group-17.inventory","ar","Expanded features disclosure","تطبيق قابل للتثبيت وأصول مخزنة؛ إشعارات ويب عند الإعداد؛ عناوين واعية بالمتجر؛ عناوين مُدارة؛ سجل النطاقات؛ وسائط خاصة؛ بنية استعادة مقيّدة لمسؤول المنصة؛ ملفات مشفرة وفحص سلامة؛ صحة المنصة ودورة الحياة والأرشفة والاستعادة والنطاقات ودعم محدود.","تطبيق قابل للتثبيت وأصول مخزنة؛ إشعارات ويب عند الإعداد؛ عناوين واعية بالمتجر؛ عناوين مُدارة؛ سجل النطاقات؛ وسائط خاصة؛ بنية استعادة مقيّدة لمسؤول المنصة؛ ملفات مشفرة وفحص سلامة؛ صحة المنصة ودورة الحياة والأرشفة والاستعادة والنطاقات ودعم محدود.","reviewed","none found","","","pass","","Source audit; rendered locale and state checks."
"demo-eyebrow:en","src/content/landing.json","demo.eyebrow","en","demo section","See how the workflow connects","See how the workflow connects","reviewed","none found","","","pass","","Source audit; rendered locale and state checks."
"demo-eyebrow:ar","src/content/landing.json","demo.eyebrow","ar","demo section","اطّلع على ترابط سير العمل","اطّلع على ترابط سير العمل","reviewed","none found","","","pass","","Source audit; rendered locale and state checks."
"demo-heading:en","src/content/landing.json","demo.heading","en","demo section","Explore a demonstration Store.","Explore a demonstration Store.","reviewed","none found","","","pass","","Source audit; rendered locale and state checks."
"demo-heading:ar","src/content/landing.json","demo.heading","ar","demo section","استكشف المتجر التجريبي.","استكشف المتجر التجريبي.","reviewed","none found","","","pass","","Source audit; rendered locale and state checks."
"demo-body:en","src/content/landing.json","demo.body","en","demo section","Follow a product from discovery to checkout. Then see how catalog, stock, purchasing, orders, customers, finance, and POS connect. The demo uses sample data.","Follow a product from discovery to checkout. Then see how catalog, stock, purchasing, orders, customers, finance, and POS connect. The demo uses sample data.","reviewed","none found","","","pass","","Source audit; rendered locale and state checks."
"demo-body:ar","src/content/landing.json","demo.body","ar","demo section","تابع المنتج من الاكتشاف إلى إتمام الشراء، ثم اطّلع على ترابط الكتالوج والمخزون والمشتريات والطلبات والعملاء والمالية ونقطة البيع. تستخدم التجربة بيانات نموذجية.","تابع المنتج من الاكتشاف إلى إتمام الشراء، ثم اطّلع على ترابط الكتالوج والمخزون والمشتريات والطلبات والعملاء والمالية ونقطة البيع. تستخدم التجربة بيانات نموذجية.","reviewed","none found","","","pass","","Source audit; rendered locale and state checks."
"demo-premise:en","src/content/landing.json","demo.premise","en","demo section","","","empty-unused","not assessed","","","not assessed","Structural placeholder; the corresponding component renders no content for this field.","Source audit; rendered locale and state checks."
"demo-premise:ar","src/content/landing.json","demo.premise","ar","demo section","","","empty-unused","not assessed","","","not assessed","Structural placeholder; the corresponding component renders no content for this field.","Source audit; rendered locale and state checks."
"start-eyebrow:en","src/content/landing.json","start.eyebrow","en","start section","","","empty-unused","not assessed","","","not assessed","Structural placeholder; the corresponding component renders no content for this field.","Source audit; rendered locale and state checks."
"start-eyebrow:ar","src/content/landing.json","start.eyebrow","ar","start section","","","empty-unused","not assessed","","","not assessed","Structural placeholder; the corresponding component renders no content for this field.","Source audit; rendered locale and state checks."
"start-heading:en","src/content/landing.json","start.heading","en","start section","Build your brand on a connected commerce foundation.","Build your brand on a connected commerce foundation.","reviewed","none found","","","pass","","Source audit; rendered locale and state checks."
"start-heading:ar","src/content/landing.json","start.heading","ar","start section","ابنِ علامتك التجارية على أساس تجاري مترابط.","ابنِ علامتك التجارية على أساس تجاري مترابط.","reviewed","none found","","","pass","","Source audit; rendered locale and state checks."
"start-body:en","src/content/landing.json","start.body","en","start section","Start with one Business. Add Stores when you need them.","Start with one Business. Add Stores when you need them.","reviewed","none found","","","pass","","Source audit; rendered locale and state checks."
"start-body:ar","src/content/landing.json","start.body","ar","start section","ابدأ بنشاط تجاري واحد، وأضف المتاجر عند الحاجة.","ابدأ بنشاط تجاري واحد، وأضف المتاجر عند الحاجة.","reviewed","none found","","","pass","","Source audit; rendered locale and state checks."
"start-premise:en","src/content/landing.json","start.premise","en","start section","","","empty-unused","not assessed","","","not assessed","Structural placeholder; the corresponding component renders no content for this field.","Source audit; rendered locale and state checks."
"start-premise:ar","src/content/landing.json","start.premise","ar","start section","","","empty-unused","not assessed","","","not assessed","Structural placeholder; the corresponding component renders no content for this field.","Source audit; rendered locale and state checks."
"footer-eyebrow:en","src/content/landing.json","footer.eyebrow","en","footer section","","","empty-unused","not assessed","","","not assessed","Structural placeholder; the corresponding component renders no content for this field.","Source audit; rendered locale and state checks."
"footer-eyebrow:ar","src/content/landing.json","footer.eyebrow","ar","footer section","","","empty-unused","not assessed","","","not assessed","Structural placeholder; the corresponding component renders no content for this field.","Source audit; rendered locale and state checks."
"footer-headline:en","src/content/landing.json","footer.heading","en","footer section","","","empty-unused","not assessed","","","not assessed","Structural placeholder; the corresponding component renders no content for this field.","Source audit; rendered locale and state checks."
"footer-headline:ar","src/content/landing.json","footer.heading","ar","footer section","","","empty-unused","not assessed","","","not assessed","Structural placeholder; the corresponding component renders no content for this field.","Source audit; rendered locale and state checks."
"footer-introduction:en","src/content/landing.json","footer.body","en","footer section","","","empty-unused","not assessed","","","not assessed","Structural placeholder; the corresponding component renders no content for this field.","Source audit; rendered locale and state checks."
"footer-introduction:ar","src/content/landing.json","footer.body","ar","footer section","","","empty-unused","not assessed","","","not assessed","Structural placeholder; the corresponding component renders no content for this field.","Source audit; rendered locale and state checks."
"footer-premise:en","src/content/landing.json","footer.premise","en","footer section","","","empty-unused","not assessed","","","not assessed","Structural placeholder; the corresponding component renders no content for this field.","Source audit; rendered locale and state checks."
"footer-premise:ar","src/content/landing.json","footer.premise","ar","footer section","","","empty-unused","not assessed","","","not assessed","Structural placeholder; the corresponding component renders no content for this field.","Source audit; rendered locale and state checks."
"root-system:en","src/content/index.ts","copy.rootSystem","en","Shared component, control, link, notice, diagram, or footer","ROOT SYSTEM","ROOT SYSTEM","reviewed","none found","","","pass","","Source audit; rendered locale and state checks."
"root-system:ar","src/content/index.ts","copy.rootSystem","ar","Shared component, control, link, notice, diagram, or footer","منظومة الجذور","منظومة الجذور","reviewed","none found","","","pass","","Source audit; rendered locale and state checks."
"cta-start:en","src/content/index.ts","copy.start","en","Shared component, control, link, notice, diagram, or footer","Start your Business","Start your Business","reviewed","none found","","","pass","","Source audit; rendered locale and state checks."
"cta-start:ar","src/content/index.ts","copy.start","ar","Shared component, control, link, notice, diagram, or footer","ابدأ نشاطك التجاري","ابدأ نشاطك التجاري","reviewed","none found","","","pass","","Source audit; rendered locale and state checks."
"cta-demo:en","src/content/index.ts","copy.demo","en","Shared component, control, link, notice, diagram, or footer","Explore the Demo","Explore the Demo","reviewed","none found","","","pass","","Source audit; rendered locale and state checks."
"cta-demo:ar","src/content/index.ts","copy.demo","ar","Shared component, control, link, notice, diagram, or footer","استكشف التجربة","استكشف التجربة","reviewed","none found","","","pass","","Source audit; rendered locale and state checks."
"cta-signin:en","src/content/index.ts","copy.signin","en","Shared component, control, link, notice, diagram, or footer","Sign in","Sign in","reviewed","none found","","","pass","","Source audit; rendered locale and state checks."
"cta-signin:ar","src/content/index.ts","copy.signin","ar","Shared component, control, link, notice, diagram, or footer","تسجيل الدخول","تسجيل الدخول","reviewed","none found","","","pass","","Source audit; rendered locale and state checks."
"lockup:en","src/content/index.ts","copy.lockup","en","Shared component, control, link, notice, diagram, or footer","Jizrak","Jizrak","reviewed","none found","","","pass","","Source audit; rendered locale and state checks."
"lockup:ar","src/content/index.ts","copy.lockup","ar","Shared component, control, link, notice, diagram, or footer","جِذرك","جِذرك","reviewed","none found","","","pass","","Source audit; rendered locale and state checks."
"workflow-detail:en","src/content/index.ts","copy.detail","en","Shared component, control, link, notice, diagram, or footer","View workflow details","View workflow details","reviewed","none found","","","pass","","Source audit; rendered locale and state checks."
"workflow-detail:ar","src/content/index.ts","copy.detail","ar","Shared component, control, link, notice, diagram, or footer","عرض تفاصيل سير العمل","عرض تفاصيل سير العمل","reviewed","none found","","","pass","","Source audit; rendered locale and state checks."
"close-detail:en","src/content/index.ts","copy.close","en","Shared component, control, link, notice, diagram, or footer","Workflow details","Workflow details","reviewed","none found","","","pass","","Source audit; rendered locale and state checks."
"close-detail:ar","src/content/index.ts","copy.close","ar","Shared component, control, link, notice, diagram, or footer","تفاصيل سير العمل","تفاصيل سير العمل","reviewed","none found","","","pass","","Source audit; rendered locale and state checks."
"root-label:en","src/content/index.ts","copy.rootLabel","en","Shared component, control, link, notice, diagram, or footer","Connected commerce for every Store.","Connected commerce for every Store.","reviewed","none found","","","pass","","Source audit; rendered locale and state checks."
"root-label:ar","src/content/index.ts","copy.rootLabel","ar","Shared component, control, link, notice, diagram, or footer","تجارة مترابطة لكل متجر.","تجارة مترابطة لكل متجر.","reviewed","none found","","","pass","","Source audit; rendered locale and state checks."
"ledger-note:en","src/content/index.ts","copy.ledgerNote","en","Shared component, control, link, notice, diagram, or footer","One shared Location. Two separate stock ledgers.","One shared Location. Two separate stock ledgers.","reviewed","none found","","","pass","","Source audit; rendered locale and state checks."
"ledger-note:ar","src/content/index.ts","copy.ledgerNote","ar","Shared component, control, link, notice, diagram, or footer","موقع مشترك واحد. دفتران منفصلان للمخزون.","موقع مشترك واحد. دفتران منفصلان للمخزون.","reviewed","none found","","","pass","","Source audit; rendered locale and state checks."
"ledger-a:en","src/content/index.ts","copy.ledgerA","en","Shared component, control, link, notice, diagram, or footer","Store A ledger","Store A ledger","reviewed","none found","","","pass","","Source audit; rendered locale and state checks."
"ledger-a:ar","src/content/index.ts","copy.ledgerA","ar","Shared component, control, link, notice, diagram, or footer","دفتر المتجر أ","دفتر المتجر أ","reviewed","none found","","","pass","","Source audit; rendered locale and state checks."
"ledger-b:en","src/content/index.ts","copy.ledgerB","en","Shared component, control, link, notice, diagram, or footer","Store B ledger","Store B ledger","reviewed","none found","","","pass","","Source audit; rendered locale and state checks."
"ledger-b:ar","src/content/index.ts","copy.ledgerB","ar","Shared component, control, link, notice, diagram, or footer","دفتر المتجر ب","دفتر المتجر ب","reviewed","none found","","","pass","","Source audit; rendered locale and state checks."
"store-a:en","src/content/index.ts","copy.storeA","en","Shared component, control, link, notice, diagram, or footer","Store A","Store A","reviewed","none found","","","pass","","Source audit; rendered locale and state checks."
"store-a:ar","src/content/index.ts","copy.storeA","ar","Shared component, control, link, notice, diagram, or footer","المتجر أ","المتجر أ","reviewed","none found","","","pass","","Source audit; rendered locale and state checks."
"store-b:en","src/content/index.ts","copy.storeB","en","Shared component, control, link, notice, diagram, or footer","Store B","Store B","reviewed","none found","","","pass","","Source audit; rendered locale and state checks."
"store-b:ar","src/content/index.ts","copy.storeB","ar","Shared component, control, link, notice, diagram, or footer","المتجر ب","المتجر ب","reviewed","none found","","","pass","","Source audit; rendered locale and state checks."
"business-label:en","src/content/index.ts","copy.business","en","Shared component, control, link, notice, diagram, or footer","Business","Business","reviewed","none found","","","pass","","Source audit; rendered locale and state checks."
"business-label:ar","src/content/index.ts","copy.business","ar","Shared component, control, link, notice, diagram, or footer","النشاط التجاري","النشاط التجاري","reviewed","none found","","","pass","","Source audit; rendered locale and state checks."
"location-label:en","src/content/index.ts","copy.location","en","Shared component, control, link, notice, diagram, or footer","Location","Location","reviewed","none found","","","pass","","Source audit; rendered locale and state checks."
"location-label:ar","src/content/index.ts","copy.location","ar","Shared component, control, link, notice, diagram, or footer","الموقع","الموقع","reviewed","none found","","","pass","","Source audit; rendered locale and state checks."
"native-label:en","src/content/index.ts","copy.native","en","Shared component, control, link, notice, diagram, or footer","Built for commerce in the region.","For Arab businesses.","reviewed","found","Portable regional language.","Name Arab businesses.","pass","","Source audit; rendered locale and state checks."
"native-label:ar","src/content/index.ts","copy.native","ar","Shared component, control, link, notice, diagram, or footer","منظومة للتجارة في المنطقة.","للأنشطة التجارية العربية.","reviewed","found","Vague regional claim.","Name Arab businesses.","pass","","Source audit; rendered locale and state checks."
"stock-label:en","src/content/index.ts","copy.stock","en","Shared component, control, link, notice, diagram, or footer","Independent Stores. Shared operations.","Independent Stores. Shared operations.","reviewed","none found","","","pass","","Source audit; rendered locale and state checks."
"stock-label:ar","src/content/index.ts","copy.stock","ar","Shared component, control, link, notice, diagram, or footer","متاجر مستقلة وعمليات مشتركة.","متاجر مستقلة وعمليات مشتركة.","reviewed","none found","","","pass","","Source audit; rendered locale and state checks."
"egp-label:en","src/content/index.ts","copy.egp","en","Shared component, control, link, notice, diagram, or footer","Built for Egyptian commerce.","For Egyptian commerce.","reviewed","found","Unnecessary construction language.","Use the direct market statement.","pass","","Source audit; rendered locale and state checks."
"egp-label:ar","src/content/index.ts","copy.egp","ar","Shared component, control, link, notice, diagram, or footer","مصمم للتجارة في مصر.","للتجارة في مصر.","reviewed","found","Literal passive translation.","Use the direct market statement.","pass","","Source audit; rendered locale and state checks."
"current-step:en","src/content/index.ts","copy.currentStep","en","Shared component, control, link, notice, diagram, or footer","Current step","Current step","reviewed","none found","","","pass","","Source audit; rendered locale and state checks."
"current-step:ar","src/content/index.ts","copy.currentStep","ar","Shared component, control, link, notice, diagram, or footer","الخطوة الحالية","الخطوة الحالية","reviewed","none found","","","pass","","Source audit; rendered locale and state checks."
"closing:en","src/content/index.ts","copy.closing","en","Shared component, control, link, notice, diagram, or footer","Your idea. Your brand. Your roots.","Your idea. Your brand. Your roots.","protected","none found","","","protected","Approved slogan; preserve exactly.","Source audit; rendered locale and state checks."
"closing:ar","src/content/index.ts","copy.closing","ar","Shared component, control, link, notice, diagram, or footer","فكرتك. براندك. جذرك.","فكرتك. براندك. جذرك.","protected","none found","","","protected","Approved slogan; preserve exactly.","Source audit; rendered locale and state checks."
"features-link:en","src/content/index.ts","copy.featureLink","en","Shared component, control, link, notice, diagram, or footer","Features","Features","reviewed","none found","","","pass","","Source audit; rendered locale and state checks."
"features-link:ar","src/content/index.ts","copy.featureLink","ar","Shared component, control, link, notice, diagram, or footer","المزايا","المزايا","reviewed","none found","","","pass","","Source audit; rendered locale and state checks."
"demo-link:en","src/content/index.ts","copy.demoLink","en","Shared component, control, link, notice, diagram, or footer","Demo","Demo","reviewed","none found","","","pass","","Source audit; rendered locale and state checks."
"demo-link:ar","src/content/index.ts","copy.demoLink","ar","Shared component, control, link, notice, diagram, or footer","التجربة","التجربة","reviewed","none found","","","pass","","Source audit; rendered locale and state checks."
"footer-nav:en","src/content/index.ts","copy.footerNav","en","Shared component, control, link, notice, diagram, or footer","Footer","Footer","reviewed","none found","","","pass","","Source audit; rendered locale and state checks."
"footer-nav:ar","src/content/index.ts","copy.footerNav","ar","Shared component, control, link, notice, diagram, or footer","تذييل الصفحة","تذييل الصفحة","reviewed","none found","","","pass","","Source audit; rendered locale and state checks."
"preview-label:en","src/content/index.ts","copy.preview","en","Shared component, control, link, notice, diagram, or footer","Design preview. Product links will be added when they are ready.","Design preview. Product links will be added when they are ready.","reviewed","none found","","","pass","","Source audit; rendered locale and state checks."
"preview-label:ar","src/content/index.ts","copy.preview","ar","Shared component, control, link, notice, diagram, or footer","معاينة للتصميم. تُضاف روابط المنتج عند جاهزيتها.","معاينة للتصميم. تُضاف روابط المنتج عند جاهزيتها.","reviewed","none found","","","pass","","Source audit; rendered locale and state checks."
"start-pending:en","src/content/index.ts","copy.startPending","en","Shared component, control, link, notice, diagram, or footer","Business onboarding will be linked here when it is ready.","Business onboarding will be linked here when it is ready.","reviewed","none found","","","pass","","Source audit; rendered locale and state checks."
"start-pending:ar","src/content/index.ts","copy.startPending","ar","Shared component, control, link, notice, diagram, or footer","يُضاف رابط بدء النشاط التجاري هنا عند جاهزيته.","يُضاف رابط بدء النشاط التجاري هنا عند جاهزيته.","reviewed","none found","","","pass","","Source audit; rendered locale and state checks."
"demo-pending:en","src/content/index.ts","copy.demoPending","en","Shared component, control, link, notice, diagram, or footer","The demonstration Store will be linked here when it is ready.","The demonstration Store will be linked here when it is ready.","reviewed","none found","","","pass","","Source audit; rendered locale and state checks."
"demo-pending:ar","src/content/index.ts","copy.demoPending","ar","Shared component, control, link, notice, diagram, or footer","يُضاف رابط المتجر التجريبي هنا عند جاهزيته.","يُضاف رابط المتجر التجريبي هنا عند جاهزيته.","reviewed","none found","","","pass","","Source audit; rendered locale and state checks."
"sign-pending:en","src/content/index.ts","copy.signPending","en","Shared component, control, link, notice, diagram, or footer","Sign-in will be linked here when it is ready.","Sign-in will be linked here when it is ready.","reviewed","none found","","","pass","","Source audit; rendered locale and state checks."
"sign-pending:ar","src/content/index.ts","copy.signPending","ar","Shared component, control, link, notice, diagram, or footer","يُضاف رابط تسجيل الدخول هنا عند جاهزيته.","يُضاف رابط تسجيل الدخول هنا عند جاهزيته.","reviewed","none found","","","pass","","Source audit; rendered locale and state checks."
"error:en","src/content/index.ts","copy.error","en","Shared component, control, link, notice, diagram, or footer","The page could not finish loading. Reload to try again.","The page could not finish loading. Reload to try again.","reviewed","none found","","","pass","","Source audit; rendered locale and state checks."
"error:ar","src/content/index.ts","copy.error","ar","Shared component, control, link, notice, diagram, or footer","تعذر إكمال تحميل الصفحة. أعد التحميل للمحاولة مرة أخرى.","تعذر إكمال تحميل الصفحة. أعد التحميل للمحاولة مرة أخرى.","reviewed","none found","","","pass","","Source audit; rendered locale and state checks."
"privacy:en","src/content/index.ts","copy.privacy","en","Shared component, control, link, notice, diagram, or footer","Privacy","Privacy","reviewed","none found","","","pass","","Source audit; rendered locale and state checks."
"privacy:ar","src/content/index.ts","copy.privacy","ar","Shared component, control, link, notice, diagram, or footer","الخصوصية","الخصوصية","reviewed","none found","","","pass","","Source audit; rendered locale and state checks."
"terms:en","src/content/index.ts","copy.terms","en","Shared component, control, link, notice, diagram, or footer","Terms","Terms","reviewed","none found","","","pass","","Source audit; rendered locale and state checks."
"terms:ar","src/content/index.ts","copy.terms","ar","Shared component, control, link, notice, diagram, or footer","الشروط","الشروط","reviewed","none found","","","pass","","Source audit; rendered locale and state checks."
"connected:en","src/content/index.ts","nav.connected","en","Header navigation","How it connects","How it connects","reviewed","none found","","","pass","","Source audit; rendered locale and state checks."
"connected:ar","src/content/index.ts","nav.connected","ar","Header navigation","آلية ترابط المنظومة","آلية ترابط المنظومة","reviewed","none found","","","pass","","Source audit; rendered locale and state checks."
"sell:en","src/content/index.ts","nav.sell","en","Header navigation","Sell","Sell","reviewed","none found","","","pass","","Source audit; rendered locale and state checks."
"sell:ar","src/content/index.ts","nav.sell","ar","Header navigation","البيع","البيع","reviewed","none found","","","pass","","Source audit; rendered locale and state checks."
"operate:en","src/content/index.ts","nav.operate","en","Header navigation","Operate","Operate","reviewed","none found","","","pass","","Source audit; rendered locale and state checks."
"operate:ar","src/content/index.ts","nav.operate","ar","Header navigation","التشغيل","التشغيل","reviewed","none found","","","pass","","Source audit; rendered locale and state checks."
"understand:en","src/content/index.ts","nav.understand","en","Header navigation","Understand","Understand","reviewed","none found","","","pass","","Source audit; rendered locale and state checks."
"understand:ar","src/content/index.ts","nav.understand","ar","Header navigation","فهم الأرقام","فهم الأرقام","reviewed","none found","","","pass","","Source audit; rendered locale and state checks."
"features:en","src/content/index.ts","nav.features","en","Header navigation","All features","All features","reviewed","none found","","","pass","","Source audit; rendered locale and state checks."
"features:ar","src/content/index.ts","nav.features","ar","Header navigation","كل المزايا","كل المزايا","reviewed","none found","","","pass","","Source audit; rendered locale and state checks."
"storefront:en","src/content/index.ts","nodes.storefront","en","Workflow and demo diagrams","Storefront","Storefront","reviewed","none found","","","pass","","Source audit; rendered locale and state checks."
"storefront:ar","src/content/index.ts","nodes.storefront","ar","Workflow and demo diagrams","واجهة المتجر","واجهة المتجر","reviewed","none found","","","pass","","Source audit; rendered locale and state checks."
"pos:en","src/content/index.ts","nodes.pos","en","Workflow and demo diagrams","POS","POS","reviewed","none found","","","pass","","Source audit; rendered locale and state checks."
"pos:ar","src/content/index.ts","nodes.pos","ar","Workflow and demo diagrams","نقطة البيع","نقطة البيع","reviewed","none found","","","pass","","Source audit; rendered locale and state checks."
"inventory:en","src/content/index.ts","nodes.inventory","en","Workflow and demo diagrams","Inventory","Inventory","reviewed","none found","","","pass","","Source audit; rendered locale and state checks."
"inventory:ar","src/content/index.ts","nodes.inventory","ar","Workflow and demo diagrams","المخزون","المخزون","reviewed","none found","","","pass","","Source audit; rendered locale and state checks."
"orders:en","src/content/index.ts","nodes.orders","en","Workflow and demo diagrams","Orders","Orders","reviewed","none found","","","pass","","Source audit; rendered locale and state checks."
"orders:ar","src/content/index.ts","nodes.orders","ar","Workflow and demo diagrams","الطلبات","الطلبات","reviewed","none found","","","pass","","Source audit; rendered locale and state checks."
"purchasing:en","src/content/index.ts","nodes.purchasing","en","Workflow and demo diagrams","Purchasing","Purchasing","reviewed","none found","","","pass","","Source audit; rendered locale and state checks."
"purchasing:ar","src/content/index.ts","nodes.purchasing","ar","Workflow and demo diagrams","المشتريات","المشتريات","reviewed","none found","","","pass","","Source audit; rendered locale and state checks."
"customers:en","src/content/index.ts","nodes.customers","en","Workflow and demo diagrams","Customers","Customers","reviewed","none found","","","pass","","Source audit; rendered locale and state checks."
"customers:ar","src/content/index.ts","nodes.customers","ar","Workflow and demo diagrams","العملاء","العملاء","reviewed","none found","","","pass","","Source audit; rendered locale and state checks."
"finance:en","src/content/index.ts","nodes.finance","en","Workflow and demo diagrams","Finance","Finance","reviewed","none found","","","pass","","Source audit; rendered locale and state checks."
"finance:ar","src/content/index.ts","nodes.finance","ar","Workflow and demo diagrams","المالية","المالية","reviewed","none found","","","pass","","Source audit; rendered locale and state checks."
"receive:en","src/content/index.ts","flow.receive","en","Inventory diagram","Receive","Receive","reviewed","none found","","","pass","","Source audit; rendered locale and state checks."
"receive:ar","src/content/index.ts","flow.receive","ar","Inventory diagram","استلام","استلام","reviewed","none found","","","pass","","Source audit; rendered locale and state checks."
"reserve:en","src/content/index.ts","flow.reserve","en","Inventory diagram","Reserve","Reserve","reviewed","none found","","","pass","","Source audit; rendered locale and state checks."
"reserve:ar","src/content/index.ts","flow.reserve","ar","Inventory diagram","حجز","حجز","reviewed","none found","","","pass","","Source audit; rendered locale and state checks."
"sell:en","src/content/index.ts","flow.sell","en","Inventory diagram","Sell","Sell","reviewed","none found","","","pass","","Source audit; rendered locale and state checks."
"sell:ar","src/content/index.ts","flow.sell","ar","Inventory diagram","بيع","بيع","reviewed","none found","","","pass","","Source audit; rendered locale and state checks."
"assemble:en","src/content/index.ts","flow.assemble","en","Inventory diagram","Assemble","Assemble","reviewed","none found","","","pass","","Source audit; rendered locale and state checks."
"assemble:ar","src/content/index.ts","flow.assemble","ar","Inventory diagram","تجميع","تجميع","reviewed","none found","","","pass","","Source audit; rendered locale and state checks."
"publish:en","src/content/index.ts","workflowNames.publish","en","Connected workflow key","Publish","Publish","reviewed","none found","","","pass","","Source audit; rendered locale and state checks."
"publish:ar","src/content/index.ts","workflowNames.publish","ar","Connected workflow key","نشر","نشر","reviewed","none found","","","pass","","Source audit; rendered locale and state checks."
"sell-step:en","src/content/index.ts","workflowNames.sell-step","en","Connected workflow key","Sell","Sell","reviewed","none found","","","pass","","Source audit; rendered locale and state checks."
"sell-step:ar","src/content/index.ts","workflowNames.sell-step","ar","Connected workflow key","بيع","بيع","reviewed","none found","","","pass","","Source audit; rendered locale and state checks."
"reserve-step:en","src/content/index.ts","workflowNames.reserve-step","en","Connected workflow key","Reserve","Reserve","reviewed","none found","","","pass","","Source audit; rendered locale and state checks."
"reserve-step:ar","src/content/index.ts","workflowNames.reserve-step","ar","Connected workflow key","حجز","حجز","reviewed","none found","","","pass","","Source audit; rendered locale and state checks."
"replenish:en","src/content/index.ts","workflowNames.replenish","en","Connected workflow key","Replenish","Replenish","reviewed","none found","","","pass","","Source audit; rendered locale and state checks."
"replenish:ar","src/content/index.ts","workflowNames.replenish","ar","Connected workflow key","تجديد","تجديد","reviewed","none found","","","pass","","Source audit; rendered locale and state checks."
"understand-step:en","src/content/index.ts","workflowNames.understand-step","en","Connected workflow key","Understand","Understand","reviewed","none found","","","pass","","Source audit; rendered locale and state checks."
"understand-step:ar","src/content/index.ts","workflowNames.understand-step","ar","Connected workflow key","فهم الأرقام","فهم الأرقام","reviewed","none found","","","pass","","Source audit; rendered locale and state checks."
"inventory-equivalent:en","src/content/index.ts","diagramCopy.inventoryEquivalent","en","Inventory diagram caption","Receive into a Store ledger, reserve for orders, consume on sale, and assemble components into finished stock.","Receive into a Store ledger, reserve for orders, consume on sale, and assemble components into finished stock.","reviewed","none found","","","pass","","Source audit; rendered locale and state checks."
"inventory-equivalent:ar","src/content/index.ts","diagramCopy.inventoryEquivalent","ar","Inventory diagram caption","سجّل الاستلام في دفتر مخزون المتجر، واحجز للطلبات، واستهلك عند البيع، واجمع المكونات في مخزون نهائي.","سجّل الاستلام في دفتر مخزون المتجر، واحجز للطلبات، واستهلك عند البيع، واجمع المكونات في مخزون نهائي.","reviewed","none found","","","pass","","Source audit; rendered locale and state checks."
"catalogue-visual:en","src/content/index.ts","diagramCopy.catalogSurfaces.catalogue-visual","en","Catalog diagram","Catalog","Catalog","reviewed","none found","","","pass","","Source audit; rendered locale and state checks."
"catalogue-visual:ar","src/content/index.ts","diagramCopy.catalogSurfaces.catalogue-visual","ar","Catalog diagram","الكتالوج","الكتالوج","reviewed","none found","","","pass","","Source audit; rendered locale and state checks."
"variants-visual:en","src/content/index.ts","diagramCopy.catalogSurfaces.variants-visual","en","Catalog diagram","Variants","Variants","reviewed","none found","","","pass","","Source audit; rendered locale and state checks."
"variants-visual:ar","src/content/index.ts","diagramCopy.catalogSurfaces.variants-visual","ar","Catalog diagram","تركيبات المنتج","تركيبات المنتج","reviewed","none found","","","pass","","Source audit; rendered locale and state checks."
"stock-visual:en","src/content/index.ts","diagramCopy.catalogSurfaces.stock-visual","en","Catalog diagram","Store ledger","Store ledger","reviewed","none found","","","pass","","Source audit; rendered locale and state checks."
"stock-visual:ar","src/content/index.ts","diagramCopy.catalogSurfaces.stock-visual","ar","Catalog diagram","دفتر مخزون المتجر","دفتر مخزون المتجر","reviewed","none found","","","pass","","Source audit; rendered locale and state checks."
"discover:en","src/content/index.ts","narrativeCopy.sellFlow.discover","en","Narrative flow, public product detail, or feature disclosure","Discover","Discover","reviewed","none found","","","pass","","Source audit; rendered locale and state checks."
"discover:ar","src/content/index.ts","narrativeCopy.sellFlow.discover","ar","Narrative flow, public product detail, or feature disclosure","الاكتشاف","الاكتشاف","reviewed","none found","","","pass","","Source audit; rendered locale and state checks."
"choose:en","src/content/index.ts","narrativeCopy.sellFlow.choose","en","Narrative flow, public product detail, or feature disclosure","Choose","Choose","reviewed","none found","","","pass","","Source audit; rendered locale and state checks."
"choose:ar","src/content/index.ts","narrativeCopy.sellFlow.choose","ar","Narrative flow, public product detail, or feature disclosure","الاختيار","الاختيار","reviewed","none found","","","pass","","Source audit; rendered locale and state checks."
"checkout:en","src/content/index.ts","narrativeCopy.sellFlow.checkout","en","Narrative flow, public product detail, or feature disclosure","Checkout","Checkout","reviewed","none found","","","pass","","Source audit; rendered locale and state checks."
"checkout:ar","src/content/index.ts","narrativeCopy.sellFlow.checkout","ar","Narrative flow, public product detail, or feature disclosure","إتمام الشراء","إتمام الشراء","reviewed","none found","","","pass","","Source audit; rendered locale and state checks."
"supplier:en","src/content/index.ts","narrativeCopy.purchasingFlow.supplier","en","Narrative flow, public product detail, or feature disclosure","Supplier","Supplier","reviewed","none found","","","pass","","Source audit; rendered locale and state checks."
"supplier:ar","src/content/index.ts","narrativeCopy.purchasingFlow.supplier","ar","Narrative flow, public product detail, or feature disclosure","المورد","المورد","reviewed","none found","","","pass","","Source audit; rendered locale and state checks."
"purchase-order:en","src/content/index.ts","narrativeCopy.purchasingFlow.purchase-order","en","Narrative flow, public product detail, or feature disclosure","Purchase order","Purchase order","reviewed","none found","","","pass","","Source audit; rendered locale and state checks."
"purchase-order:ar","src/content/index.ts","narrativeCopy.purchasingFlow.purchase-order","ar","Narrative flow, public product detail, or feature disclosure","أمر الشراء","أمر الشراء","reviewed","none found","","","pass","","Source audit; rendered locale and state checks."
"receive-order:en","src/content/index.ts","narrativeCopy.purchasingFlow.receive-order","en","Narrative flow, public product detail, or feature disclosure","Receive","Receive","reviewed","none found","","","pass","","Source audit; rendered locale and state checks."
"receive-order:ar","src/content/index.ts","narrativeCopy.purchasingFlow.receive-order","ar","Narrative flow, public product detail, or feature disclosure","استلام","استلام","reviewed","none found","","","pass","","Source audit; rendered locale and state checks."
"reserve-order:en","src/content/index.ts","narrativeCopy.ordersFlow.reserve-order","en","Narrative flow, public product detail, or feature disclosure","Reserve","Reserve","reviewed","none found","","","pass","","Source audit; rendered locale and state checks."
"reserve-order:ar","src/content/index.ts","narrativeCopy.ordersFlow.reserve-order","ar","Narrative flow, public product detail, or feature disclosure","حجز","حجز","reviewed","none found","","","pass","","Source audit; rendered locale and state checks."
"fulfil:en","src/content/index.ts","narrativeCopy.ordersFlow.fulfil","en","Narrative flow, public product detail, or feature disclosure","Fulfil","Fulfil","reviewed","none found","","","pass","","Source audit; rendered locale and state checks."
"fulfil:ar","src/content/index.ts","narrativeCopy.ordersFlow.fulfil","ar","Narrative flow, public product detail, or feature disclosure","تجهيز","تجهيز","reviewed","none found","","","pass","","Source audit; rendered locale and state checks."
"history:en","src/content/index.ts","narrativeCopy.ordersFlow.history","en","Narrative flow, public product detail, or feature disclosure","Order history","Order history","reviewed","none found","","","pass","","Source audit; rendered locale and state checks."
"history:ar","src/content/index.ts","narrativeCopy.ordersFlow.history","ar","Narrative flow, public product detail, or feature disclosure","سجل الطلبات","سجل الطلبات","reviewed","none found","","","pass","","Source audit; rendered locale and state checks."
"open-shift:en","src/content/index.ts","narrativeCopy.posFlow.open-shift","en","Narrative flow, public product detail, or feature disclosure","Open a shift","Open a shift","reviewed","none found","","","pass","","Source audit; rendered locale and state checks."
"open-shift:ar","src/content/index.ts","narrativeCopy.posFlow.open-shift","ar","Narrative flow, public product detail, or feature disclosure","فتح الوردية","فتح الوردية","reviewed","none found","","","pass","","Source audit; rendered locale and state checks."
"record-sale:en","src/content/index.ts","narrativeCopy.posFlow.record-sale","en","Narrative flow, public product detail, or feature disclosure","Record a sale","Record a sale","reviewed","none found","","","pass","","Source audit; rendered locale and state checks."
"record-sale:ar","src/content/index.ts","narrativeCopy.posFlow.record-sale","ar","Narrative flow, public product detail, or feature disclosure","تسجيل البيع","تسجيل البيع","reviewed","none found","","","pass","","Source audit; rendered locale and state checks."
"receipt:en","src/content/index.ts","narrativeCopy.posFlow.receipt","en","Narrative flow, public product detail, or feature disclosure","Issue a receipt","Issue a receipt","reviewed","none found","","","pass","","Source audit; rendered locale and state checks."
"receipt:ar","src/content/index.ts","narrativeCopy.posFlow.receipt","ar","Narrative flow, public product detail, or feature disclosure","إصدار الإيصال","إصدار الإيصال","reviewed","none found","","","pass","","Source audit; rendered locale and state checks."
"business-label:en","src/content/index.ts","narrativeCopy.customersFlow.business-label","en","Narrative flow, public product detail, or feature disclosure","Business","Business","reviewed","none found","","","pass","","Source audit; rendered locale and state checks."
"business-label:ar","src/content/index.ts","narrativeCopy.customersFlow.business-label","ar","Narrative flow, public product detail, or feature disclosure","النشاط التجاري","النشاط التجاري","reviewed","none found","","","pass","","Source audit; rendered locale and state checks."
"store-a:en","src/content/index.ts","narrativeCopy.customersFlow.store-a","en","Narrative flow, public product detail, or feature disclosure","Store A","Store A","reviewed","none found","","","pass","","Source audit; rendered locale and state checks."
"store-a:ar","src/content/index.ts","narrativeCopy.customersFlow.store-a","ar","Narrative flow, public product detail, or feature disclosure","المتجر أ","المتجر أ","reviewed","none found","","","pass","","Source audit; rendered locale and state checks."
"profile:en","src/content/index.ts","narrativeCopy.customersFlow.profile","en","Narrative flow, public product detail, or feature disclosure","Store customer profile","Store customer profile","reviewed","none found","","","pass","","Source audit; rendered locale and state checks."
"profile:ar","src/content/index.ts","narrativeCopy.customersFlow.profile","ar","Narrative flow, public product detail, or feature disclosure","ملف العميل في المتجر","ملف العميل في المتجر","reviewed","none found","","","pass","","Source audit; rendered locale and state checks."
"sales:en","src/content/index.ts","narrativeCopy.understandFlow.sales","en","Narrative flow, public product detail, or feature disclosure","Sales & stock","Sales & stock","reviewed","none found","","","pass","","Source audit; rendered locale and state checks."
"sales:ar","src/content/index.ts","narrativeCopy.understandFlow.sales","ar","Narrative flow, public product detail, or feature disclosure","المبيعات والمخزون","المبيعات والمخزون","reviewed","none found","","","pass","","Source audit; rendered locale and state checks."
"records:en","src/content/index.ts","narrativeCopy.understandFlow.records","en","Narrative flow, public product detail, or feature disclosure","Financial records","Financial records","reviewed","none found","","","pass","","Source audit; rendered locale and state checks."
"records:ar","src/content/index.ts","narrativeCopy.understandFlow.records","ar","Narrative flow, public product detail, or feature disclosure","السجلات المالية","السجلات المالية","reviewed","none found","","","pass","","Source audit; rendered locale and state checks."
"reports:en","src/content/index.ts","narrativeCopy.understandFlow.reports","en","Narrative flow, public product detail, or feature disclosure","Operational reports","Operational reports","reviewed","none found","","","pass","","Source audit; rendered locale and state checks."
"reports:ar","src/content/index.ts","narrativeCopy.understandFlow.reports","ar","Narrative flow, public product detail, or feature disclosure","تقارير التشغيل","تقارير التشغيل","reviewed","none found","","","pass","","Source audit; rendered locale and state checks."
"operate-body-public:en","src/content/index.ts","narrativeCopy.operateBody.operate-body-public","en","Narrative flow, public product detail, or feature disclosure","Business ownership, Store-specific grants, controlled stock movements, auditable events, and private media keep operating boundaries explicit.","Business ownership, Store-specific grants, controlled stock movements, auditable events, and private media keep operating boundaries explicit.","reviewed","none found","","","pass","","Source audit; rendered locale and state checks."
"operate-body-public:ar","src/content/index.ts","narrativeCopy.operateBody.operate-body-public","ar","Narrative flow, public product detail, or feature disclosure","تحافظ ملكية النشاط وصلاحيات كل متجر وحركات المخزون المنضبطة والأحداث القابلة للمراجعة والوسائط الخاصة على حدود تشغيل واضحة.","تحافظ ملكية النشاط وصلاحيات كل متجر وحركات المخزون المنضبطة والأحداث القابلة للمراجعة والوسائط الخاصة على حدود تشغيل واضحة.","reviewed","none found","","","pass","","Source audit; rendered locale and state checks."
"platform-public:en","src/content/index.ts","narrativeCopy.platform.platform-public","en","Narrative flow, public product detail, or feature disclosure","Installable PWA and cached assets; web push when configured; Store-aware hosts; managed handles; custom-domain registry; private media.","Installable PWA and cached assets; web push when configured; Store-aware hosts; managed handles; custom-domain registry; private media.","reviewed","none found","","","pass","","Source audit; rendered locale and state checks."
"platform-public:ar","src/content/index.ts","narrativeCopy.platform.platform-public","ar","Narrative flow, public product detail, or feature disclosure","تطبيق قابل للتثبيت وأصول مخزنة؛ إشعارات ويب عند الإعداد؛ عناوين واعية بالمتجر؛ عناوين مُدارة؛ سجل النطاقات؛ وسائط خاصة.","تطبيق قابل للتثبيت وأصول مخزنة؛ إشعارات ويب عند الإعداد؛ عناوين واعية بالمتجر؛ عناوين مُدارة؛ سجل النطاقات؛ وسائط خاصة.","reviewed","none found","","","pass","","Source audit; rendered locale and state checks."
"metadata.title:en","src/content/index.ts","metadata.en.title","en","Document title and social title after locale selection","Jizrak — connected commerce for every Store","Jizrak — connected commerce for every Store","reviewed","none found","","","pass","","Source audit; metadata update test."
"metadata.description:en","src/content/index.ts","metadata.en.description","en","Document description and social description after locale selection","Run branded Stores, catalog, orders, inventory, purchasing, customers, finance, and POS in one Arabic-first commerce system built for Arab businesses.","Run branded Stores, catalog, orders, inventory, purchasing, customers, finance, and POS in one Arabic-first commerce system built for Arab businesses.","reviewed","none found","","","pass","","Source audit; metadata update test."
"ui.skip:en","src/content/index.ts","ui.en.translation.skip","en","Header control, menu, live announcement, or screen-reader text","Skip to main content","Skip to main content","reviewed","none found","","","pass","","Source audit; selected-language render test."
"ui.open:en","src/content/index.ts","ui.en.translation.open","en","Header control, menu, live announcement, or screen-reader text","Open navigation","Open navigation","reviewed","none found","","","pass","","Source audit; selected-language render test."
"ui.close:en","src/content/index.ts","ui.en.translation.close","en","Header control, menu, live announcement, or screen-reader text","Close navigation","Close navigation","reviewed","none found","","","pass","","Source audit; selected-language render test."
"ui.theme:en","src/content/index.ts","ui.en.translation.theme","en","Header control, menu, live announcement, or screen-reader text","Change color theme","Change color theme","reviewed","none found","","","pass","","Source audit; selected-language render test."
"ui.light:en","src/content/index.ts","ui.en.translation.light","en","Header control, menu, live announcement, or screen-reader text","Light","Light","reviewed","none found","","","pass","","Source audit; selected-language render test."
"ui.dark:en","src/content/index.ts","ui.en.translation.dark","en","Header control, menu, live announcement, or screen-reader text","Dark","Dark","reviewed","none found","","","pass","","Source audit; selected-language render test."
"ui.system:en","src/content/index.ts","ui.en.translation.system","en","Header control, menu, live announcement, or screen-reader text","System","System","reviewed","none found","","","pass","","Source audit; selected-language render test."
"ui.locale:en","src/content/index.ts","ui.en.translation.locale","en","Header control, menu, live announcement, or screen-reader text","العربية","العربية","reviewed","none found","","","pass","Names the destination language in the switcher.","Source audit; selected-language render test."
"ui.localeStatus:en","src/content/index.ts","ui.en.translation.localeStatus","en","Header control, menu, live announcement, or screen-reader text","Language preference changed to English.","Language preference changed to English.","reviewed","none found","","","pass","","Source audit; selected-language render test."
"ui.themeStatus:en","src/content/index.ts","ui.en.translation.themeStatus","en","Header control, menu, live announcement, or screen-reader text","Color theme changed.","Color theme changed.","reviewed","none found","","","pass","","Source audit; selected-language render test."
"ui.current:en","src/content/index.ts","ui.en.translation.current","en","Header control, menu, live announcement, or screen-reader text","Current section","Current section","reviewed","none found","","","pass","","Source audit; selected-language render test."
"ui.mainNav:en","src/content/index.ts","ui.en.translation.mainNav","en","Header control, menu, live announcement, or screen-reader text","Main navigation","Main navigation","reviewed","none found","","","pass","","Source audit; selected-language render test."
"metadata.title:ar","src/content/index.ts","metadata.ar.title","ar","Document title and social title after locale selection","جِذرك — تجارة مترابطة لكل متجر","جِذرك — تجارة مترابطة لكل متجر","reviewed","none found","","","pass","","Source audit; metadata update test."
"metadata.description:ar","src/content/index.ts","metadata.ar.description","ar","Document description and social description after locale selection","نظام واحد لإدارة المتاجر بعلاماتها والكتالوج والطلبات والمخزون والمشتريات والعملاء والمالية ونقاط البيع، مصمم للتجارة في المنطقة.","نظام واحد لإدارة المتاجر بعلاماتها والكتالوج والطلبات والمخزون والمشتريات والعملاء والمالية ونقاط البيع، مصمم للأنشطة التجارية العربية.","reviewed","found","Vague regional positioning: “التجارة في المنطقة” does not identify the supported audience.","Name Arab businesses directly, matching the product positioning.","pass","","Source audit; metadata update test."
"ui.skip:ar","src/content/index.ts","ui.ar.translation.skip","ar","Header control, menu, live announcement, or screen-reader text","انتقل إلى المحتوى الرئيسي","انتقل إلى المحتوى الرئيسي","reviewed","none found","","","pass","","Source audit; selected-language render test."
"ui.open:ar","src/content/index.ts","ui.ar.translation.open","ar","Header control, menu, live announcement, or screen-reader text","افتح قائمة التنقل","افتح قائمة التنقل","reviewed","none found","","","pass","","Source audit; selected-language render test."
"ui.close:ar","src/content/index.ts","ui.ar.translation.close","ar","Header control, menu, live announcement, or screen-reader text","أغلق قائمة التنقل","أغلق قائمة التنقل","reviewed","none found","","","pass","","Source audit; selected-language render test."
"ui.theme:ar","src/content/index.ts","ui.ar.translation.theme","ar","Header control, menu, live announcement, or screen-reader text","غيّر سمة الألوان","غيّر سمة الألوان","reviewed","none found","","","pass","","Source audit; selected-language render test."
"ui.light:ar","src/content/index.ts","ui.ar.translation.light","ar","Header control, menu, live announcement, or screen-reader text","فاتح","فاتح","reviewed","none found","","","pass","","Source audit; selected-language render test."
"ui.dark:ar","src/content/index.ts","ui.ar.translation.dark","ar","Header control, menu, live announcement, or screen-reader text","داكن","داكن","reviewed","none found","","","pass","","Source audit; selected-language render test."
"ui.system:ar","src/content/index.ts","ui.ar.translation.system","ar","Header control, menu, live announcement, or screen-reader text","النظام","النظام","reviewed","none found","","","pass","","Source audit; selected-language render test."
"ui.locale:ar","src/content/index.ts","ui.ar.translation.locale","ar","Header control, menu, live announcement, or screen-reader text","English","English","reviewed","none found","","","pass","Names the destination language in the switcher.","Source audit; selected-language render test."
"ui.localeStatus:ar","src/content/index.ts","ui.ar.translation.localeStatus","ar","Header control, menu, live announcement, or screen-reader text","تم تغيير تفضيل اللغة إلى العربية.","تم تغيير تفضيل اللغة إلى العربية.","reviewed","none found","","","pass","","Source audit; selected-language render test."
"ui.themeStatus:ar","src/content/index.ts","ui.ar.translation.themeStatus","ar","Header control, menu, live announcement, or screen-reader text","تم تغيير سمة الألوان.","تم تغيير سمة الألوان.","reviewed","none found","","","pass","","Source audit; selected-language render test."
"ui.current:ar","src/content/index.ts","ui.ar.translation.current","ar","Header control, menu, live announcement, or screen-reader text","القسم الحالي","القسم الحالي","reviewed","none found","","","pass","","Source audit; selected-language render test."
"ui.mainNav:ar","src/content/index.ts","ui.ar.translation.mainNav","ar","Header control, menu, live announcement, or screen-reader text","التنقل الرئيسي","التنقل الرئيسي","reviewed","none found","","","pass","","Source audit; selected-language render test."
"error:en","src/routes/__root.tsx","errorComponent.copy.error","en","Route error state","The page could not finish loading. Reload to try again.","The page could not finish loading. Reload to try again.","reviewed","none found","","","pass","","Source audit; rendered locale and state checks."
"error:ar","src/routes/__root.tsx","errorComponent.copy.error","ar","Route error state","تعذر إكمال تحميل الصفحة. أعد التحميل للمحاولة مرة أخرى.","تعذر إكمال تحميل الصفحة. أعد التحميل للمحاولة مرة أخرى.","reviewed","none found","","","pass","","Source audit; rendered locale and state checks."
"root.initial-metadata.title:en","src/routes/__root.tsx","head().meta title","en","Initial prerender and no-JavaScript fallback","Jizrak — connected commerce for every Store","Jizrak — connected commerce for every Store","reviewed","none found","","","pass","English prerendered fallback required by docs/decisions.md.","Source audit; built prerender inspection."
"root.initial-metadata.description:en","src/routes/__root.tsx","head().meta description","en","Initial prerender and no-JavaScript fallback","Run branded Stores, catalog, orders, inventory, purchasing, customers, finance, and POS in one Arabic-first commerce system built for Arab businesses.","Run branded Stores, catalog, orders, inventory, purchasing, customers, finance, and POS in one Arabic-first commerce system built for Arab businesses.","reviewed","none found","","","pass","English prerendered fallback required by docs/decisions.md.","Source audit; built prerender inspection."
"root-network.coordinate:universal","src/components/RootNetwork.tsx","diagram-coordinate.coord-start","universal","Decorative root-network coordinate","J / 01","01","reviewed","found","Unnecessary English letter in a locale-neutral decorative coordinate.","Keep the neutral sequence number.","pass","Decorative, non-prose label.","Rendered Arabic and English diagram inspection."
"manifest.name:universal","public/site.webmanifest","name","universal","Installed application name","Jizrak — جِذرك","Jizrak — جِذرك","reviewed","none found","","","pass","Universal product-name metadata; it is not page prose and cannot follow the runtime language preference.","Manifest source audit."
"manifest.short_name:universal","public/site.webmanifest","short_name","universal","Installed application short name","Jizrak","Jizrak","reviewed","none found","","","pass","Universal product-name metadata; it is not page prose and cannot follow the runtime language preference.","Manifest source audit."
